id_ip,ratio_active,whr,total_active_intervals,work_active_intervals
847240.0,0.030547421708273362,,,
1842991.0,0.568390490843218,0.3007640253219821,22905.0,6889.0
1808388.0,0.018710605985408704,,,
162142.0,0.12874088044071666,,,
470862.0,0.6033798203384784,0.3028994447871684,24315.0,7365.0
547610.0,0.33170380664052806,0.3163013391187252,13367.0,4228.0
1775679.0,0.019107648022234355,,,
520007.0,0.035733783314308404,,,
1643601.0,0.020149883368901684,,,
163701.0,0.09064966003275597,,,
1732869.0,0.019306169040647178,,,
50685.0,0.05377438086257383,,,
685925.0,0.07293165913941138,,,
1765863.0,0.01905801776763115,,,
620676.0,0.06536304531242246,,,
529692.0,0.07020199513623505,,,
1623903.0,0.00657600873492481,,,
703472.0,0.11759888828229689,,,
1743984.0,0.019455059804456797,,,
792282.0,0.03632934636954688,,,
181135.0,0.02416993399176138,,,
220165.0,0.004317832150478932,,,
303317.0,0.042210531540026804,,,
195100.0,0.984242394163482,0.3113733202228777,39663.0,12350.0
395962.0,0.08893741624894536,,,
1586204.0,0.0050622859695270235,,,
1785616.0,0.01908283289493275,,,
1792379.0,0.019852101841282447,,,
101.0,0.1599583105861333,,,
212646.0,0.08906149188545337,,,
1811974.0,0.019926547223187256,,,
162890.0,0.05570996079209886,,,
237979.0,0.04191275001240757,,,
1641193.0,0.008561218919053055,,,
1599657.0,0.003474117822224428,,,
532881.0,0.08995483646831108,,,
211973.0,0.47434115837014246,0.2817159298979859,19115.0,5385.0
173223.0,0.04104422055685146,,,
1757969.0,0.020174698496203285,,,
277442.0,0.06461859149337436,,,
78471.0,0.9989577646533326,0.31264904610492844,40256.0,12586.0
1811876.0,0.01955432031366321,,,
165515.0,0.044667229142885505,,,
376293.0,0.31058613330686385,0.3647331415787792,12516.0,4565.0
1608066.0,0.003424487567621222,,,
182510.0,0.02809072410541466,,,
33446.0,0.05161546478733436,,,
1777860.0,0.019430244677155192,,,
175953.0,0.27147749267953747,0.43555758683729434,10940.0,4765.0
156573.0,0.9897017221698348,0.3151718777423965,39883.0,12570.0
178.0,0.08878852548513574,,,
509608.0,0.017817261402550993,,,
776124.0,0.044195741724155045,,,
1748994.0,0.0194798749317584,,,
206936.0,0.032036329346369546,,,
619076.0,0.300511191622413,0.32716763005780347,12110.0,3962.0
338309.0,0.672043277582014,0.35975924968613837,27082.0,9743.0
770926.0,0.220929078366172,,,
405441.0,0.7885503002630404,0.3065109985209428,31777.0,9740.0
347498.0,0.028289245123827484,,,
142212.0,0.24569457541317186,0.3247146752853247,9901.0,3215.0
1780396.0,0.01940542954985359,,,
1803510.0,0.021365824606680232,,,
1750983.0,0.01980247158667924,,,
1812223.0,0.019281353913345574,,,
1489157.0,0.011613479577150232,,,
1769475.0,0.02037321951461611,,,
1614747.0,0.024715866792396644,,,
225587.0,0.022283984316839544,,,
667444.0,0.08499181100799047,,,
1739300.0,0.018288748821281453,,,
1516753.0,0.003449302694922825,,,
1807236.0,0.018884311876519927,,,
1637350.0,0.01915727827683756,,,
486691.0,0.2848032160404983,0.2979001481223316,11477.0,3419.0
1993833.0,0.3582311777259417,0.2980742587974508,14436.0,4303.0
274101.0,0.04876172514765001,,,
1656905.0,0.01900838751302794,,,
1620676.0,0.2214998262941089,,,
557088.0,0.13045312422452726,,,
1536107.0,0.03503895974986352,,,
307400.0,0.49704699985110923,0.34882675986020967,20030.0,6987.0
1710206.0,0.019182093404139164,,,
663507.0,0.18693235396297583,,,
1550502.0,0.0032755968038116036,,,
1775317.0,0.018785051367313513,,,
789372.0,0.08625738250037222,,,
251908.0,0.06938309593528215,,,
1798464.0,0.018884311876519927,,,
222414.0,0.03613082535113405,,,
1792304.0,0.01818948831207504,,,
482423.0,0.28703657749764255,0.2908273536785683,11567.0,3364.0
1555981.0,0.2101344979899747,,,
479898.0,0.06553675120353368,,,
1732661.0,0.01980247158667924,,,
272968.0,0.0917415256340265,,,
88152.0,0.07169090277433124,,,
488414.0,0.2850513673135143,0.3976669278314616,11487.0,4568.0
1592521.0,0.01851208496699588,,,
1606746.0,0.263065164524294,0.30648052070559384,10601.0,3249.0
828022.0,0.028214799741922675,,,
795876.0,0.021241748970172218,,,
159906.0,0.029902228398431683,,,
1758858.0,0.019355799295250383,,,
1801944.0,0.01858653034890069,,,
652085.0,0.00511191622413023,,,
546509.0,0.00389597498635168,,,
1559006.0,0.0037222690952404586,,,
782264.0,0.10806987939848131,,,
1561250.0,0.003771899349843665,,,
1738108.0,0.01890912700382153,,,
715837.0,0.1469551838800933,,,
497120.0,0.08253511340513177,,,
807503.0,0.06595860836766093,,,
1604427.0,0.05973001141495856,,,
508635.0,0.28036130825351135,0.30067268543104975,11298.0,3397.0
1793818.0,0.01816467318477344,,,
1806139.0,0.018809866494615118,,,
381622.0,0.060524095488609854,,,
1803635.0,0.01900838751302794,,,
1588780.0,0.019380614422551987,,,
704540.0,0.06764603702416994,,,
1806142.0,0.019107648022234355,,,
1837076.0,0.018785051367313513,,,
335679.0,0.17745297533376347,,,
676318.0,0.09352821479974192,,,
1786188.0,0.01965358082286962,,,
1843143.0,0.08568663457243536,,,
11587.0,0.06759640676956673,,,
1797032.0,0.02094396744255298,,,
294201.0,0.11720184624547124,,,
1810816.0,0.01923172365874237,,,
232476.0,0.2231128095687131,,,
20150.0,0.07732393667179513,,,
18264.0,0.0746190877959204,,,
612051.0,0.5613429946895627,0.3017992131205517,22621.0,6827.0
216556.0,0.012159412377785499,,,
107691.0,0.07516502059655567,,,
362327.0,0.09288302148990024,,,
346507.0,0.04288053997717008,,,
802368.0,0.038612338081294356,,,
624588.0,0.023003623008586035,,,
485327.0,0.0721872053203633,,,
1754276.0,0.019132463149535955,,,
630466.0,0.14171919201945507,,,
1790508.0,0.039083825500024816,,,
1790713.0,0.019752841332076033,,,
411578.0,0.1452429400962827,,,
1749753.0,0.019678395950171224,,,
256808.0,0.05754628021241749,,,
65072.0,0.6081691399076877,0.3360127305369675,24508.0,8235.0
1797502.0,0.018561715221599086,,,
2003134.0,0.12888977120452627,,,
1794371.0,0.01801578242096382,,,
564287.0,0.5570003474117822,0.2955092221331195,22446.0,6633.0
5101.0,0.2604843912849273,0.42888444317424024,10497.0,4502.0
1779305.0,0.020149883368901684,,,
477964.0,0.003374857313018016,,,
1817512.0,0.018859496749218323,,,
148765.0,0.00933048786540275,,,
1535285.0,0.009181597101593131,,,
139177.0,0.09546379472926696,,,
1541134.0,0.008511588664449848,,,
1541414.0,0.017246513474614124,,,
1780960.0,0.018139858057471835,,,
450863.0,0.6663109831753437,0.3033779002644222,26851.0,8146.0
18683.0,0.9751352424437937,0.31265268729641693,39296.0,12286.0
1804229.0,0.01965358082286962,,,
429754.0,0.04389796019653581,,,
1730925.0,0.018685790858107103,,,
828433.0,0.018760236240011913,,,
1604386.0,0.048836170529554815,,,
773340.0,0.1664350588118517,,,
388174.0,0.08697702119211871,,,
1790061.0,0.01898357238572634,,,
1885471.0,0.0300511191622413,,,
1786008.0,0.01900838751302794,,,
650409.0,0.10447168593974887,,,
1650640.0,0.01873542111271031,,,
61938.0,0.003474117822224428,,,
6184.0,0.026006253412080006,,,
1544651.0,0.5001240756365081,0.31403195395454997,20154.0,6329.0
1523377.0,0.0067993448806392374,,,
754486.0,0.05198769169685841,,,
828566.0,0.03749565735272222,,,
272278.0,0.44275150131520175,0.3299517991256586,17842.0,5887.0
666120.0,0.007916025609211376,,,
1589081.0,0.01940542954985359,,,
716292.0,0.11308253511340513,,,
454046.0,0.19670951411980744,,,
777492.0,0.16109980644200705,,,
1706184.0,0.020224328750806493,,,
1672.0,0.5578192466127351,0.30730904399661907,22479.0,6908.0
1567704.0,0.012233857759690308,,,
336915.0,0.07335351630353863,,,
767038.0,0.0672738101146459,,,
1776052.0,0.01957913544096481,,,
680307.0,0.01201052161397588,,,
820693.0,0.04290535510447169,,,
1676147.0,0.0194798749317584,,,
1780773.0,0.018561715221599086,,,
379493.0,0.9945903022482505,0.3124001996007984,40080.0,12521.0
1718500.0,0.018536900094297485,,,
1540670.0,0.008635664300957864,,,
122.0,0.9993796218174599,0.31266605418022,40273.0,12592.0
217937.0,0.0949923073105365,,,
1774.0,0.9311380217380515,0.31159555472643446,37523.0,11692.0
1554.0,0.15616159610898803,,,
616143.0,0.15325822621470048,,,
319675.0,0.6539034195245421,0.3320177602368032,26351.0,8749.0
1792677.0,0.018338379075884658,,,
29646.0,0.24691051665095043,0.40522613065326635,9950.0,4032.0
1709568.0,0.01915727827683756,,,
1593709.0,0.01980247158667924,,,
1595118.0,0.020149883368901684,,,
1775702.0,0.019901732095885652,,,
60447.0,0.012109782123182292,,,
590796.0,0.16913990768772644,,,
54220.0,0.06568564196734329,,,
385558.0,0.17080252121693384,,,
772087.0,0.06702565884162985,,,
78134.0,0.7458434661769815,0.30862390204950757,30056.0,9276.0
1037.0,0.01744503449302695,,,
224502.0,0.08050027296640032,,,
487813.0,0.010893840885403742,,,
174909.0,0.639287309543898,0.30044251222731155,25762.0,7740.0
446563.0,0.07174053302893443,,,
834812.0,0.005533773388257481,,,
611765.0,0.025112908829222295,,,
369833.0,0.06466822174797757,,,
105230.0,0.07578539877909574,,,
184652.0,0.04990322100352375,,,
1776564.0,0.019678395950171224,,,
706508.0,0.10414908928482804,,,
537892.0,0.003449302694922825,,,
838232.0,0.04747133852796665,,,
130940.0,0.927539828279319,0.30772111937503344,37378.0,11502.0
423896.0,0.09459526527371086,,,
1777188.0,0.018313563948583057,,,
117343.0,0.1355650404486575,,,
737244.0,0.18254007643059209,,,
1629734.0,0.15598789021787682,,,
1804797.0,0.019901732095885652,,,
144700.0,0.04960543947590451,,,
443967.0,0.07481760881433322,,,
1790117.0,0.019281353913345574,,,
433762.0,0.0795324830016378,,,
370378.0,0.08248548315052856,,,
89256.0,0.003771899349843665,,,
66356.0,0.04652836369050573,,,
421601.0,0.05901037272321207,,,
745464.0,0.004243386768574123,,,
10409.0,0.22919251575760582,,,
1548362.0,0.003151521167303588,,,
537784.0,0.038612338081294356,,,
335577.0,0.11720184624547124,,,
1622963.0,0.0036478237133356494,,,
1591154.0,0.020298774132711302,,,
1753175.0,0.018338379075884658,,,
309720.0,0.043054245868281306,,,
1509122.0,0.04104422055685146,,,
1512833.0,0.09032706337783512,,,
369939.0,0.09851605538736413,,,
1788166.0,0.018884311876519927,,,
384175.0,0.1445481165318378,,,
1640670.0,0.018760236240011913,,,
1757983.0,0.01898357238572634,,,
227025.0,0.07094644895528314,,,
1586996.0,0.018809866494615118,,,
99839.0,0.09454563501910765,,,
92511.0,0.6061839297235595,0.3114049451449157,24428.0,7607.0
138149.0,0.06635565040448657,,,
1802049.0,0.018363194203186262,,,
625257.0,0.01282942081492878,,,
577065.0,0.03461710258573626,,,
1513927.0,0.003374857313018016,,,
1963127.0,0.5464291031812993,0.314078110808356,22020.0,6916.0
147238.0,0.2580773239366718,0.29923076923076924,10400.0,3112.0
20342.0,0.7409548860985656,0.3116983154157875,29859.0,9307.0
275602.0,0.07968137376544741,,,
11799.0,0.021638791006997865,,,
1510226.0,0.005211176733336642,,,
286145.0,0.004268201895875726,,,
170487.0,0.820958856518934,0.3078015899404528,33083.0,10183.0
1490141.0,0.014839446126358628,,,
406306.0,0.6864112362896422,0.3003145222515455,27661.0,8307.0
151737.0,0.572212020447665,0.29411509605793834,23059.0,6782.0
378824.0,0.14025509950866047,,,
1793652.0,0.018933942131123132,,,
1200.0,0.04260757357685245,,,
821084.0,0.15077671348454016,,,
382625.0,0.04275646434066207,,,
1502881.0,0.002630403493969924,,,
273306.0,0.03702416993399176,,,
1591596.0,0.23596704551094347,0.37143758544536754,9509.0,3532.0
462951.0,0.32594669710655616,0.2972972972972973,13135.0,3905.0
1805148.0,0.019827286713980843,,,
156921.0,0.4364484589805946,0.3563224926085968,17588.0,6267.0
280995.0,0.11836815722864659,,,
632437.0,0.3998709613380317,0.3172396673699888,16114.0,5112.0
656543.0,0.076331331579731,,,
1955311.0,0.05749664995781428,,,
85341.0,0.1501315201746985,,,
1524388.0,0.13683061194103927,,,
1793782.0,0.01955432031366321,,,
355332.0,0.25187354211127105,0.32098522167487686,10150.0,3258.0
1777285.0,0.018760236240011913,,,
695.0,0.021341009479378628,,,
542865.0,0.18407861432329148,,,
125740.0,0.7533624497493672,0.3131196679732534,30359.0,9506.0
1569842.0,0.02412030373715817,,,
70932.0,0.06476748225718398,,,
1610593.0,0.5756116928879845,0.2955250905328505,23196.0,6855.0
58559.0,0.07856469303687529,,,
1845.0,0.44218075338726487,0.44974465458218754,17819.0,8014.0
327367.0,0.11697851009975681,,,
519904.0,0.08409846642513276,,,
1367.0,0.9999751848726984,0.31280244186912176,40297.0,12605.0
134267.0,0.03258226214700481,,,
566752.0,0.18735421112710307,,,
2008461.0,0.29123033401161347,0.2943081117927744,11736.0,3454.0
190.0,0.9420566777507569,0.31138213523694125,37963.0,11821.0
457784.0,0.02019951362350489,,,
747475.0,0.007742319718100154,,,
1798881.0,0.019107648022234355,,,
1801124.0,0.01965358082286962,,,
1771035.0,0.02005062285969527,,,
12926.0,0.4567472331133059,0.3108768879713137,18406.0,5722.0
1729328.0,0.01962876569556802,,,
118.0,0.996873293959998,0.31315344020710945,40172.0,12580.0
1998963.0,0.012879051069531987,,,
39630.0,0.004020050622859695,,,
848885.0,0.008635664300957864,,,
555861.0,0.024988833192714277,,,
132509.0,0.8247555709960792,0.31125887591767964,33236.0,10345.0
165547.0,0.02312769864509405,,,
1620781.0,0.003424487567621222,,,
1783093.0,0.018239118566678248,,,
176312.0,0.01794133703905901,,,
430173.0,0.17266365576455409,,,
1788708.0,0.018785051367313513,,,
1786924.0,0.01873542111271031,,,
1504925.0,0.0211176733336642,,,
1537106.0,0.02394659784604695,,,
1647111.0,0.03288004367462405,,,
299906.0,0.07938359223782818,,,
328914.0,0.24078118020745445,0.30135009790786355,9703.0,2924.0
174611.0,0.08615812199116582,,,
1804627.0,0.018412824457789467,,,
741913.0,0.11923668668420269,,,
702295.0,0.06360117127400863,,,
1629858.0,0.0046404288053997714,,,
1769113.0,0.019380614422551987,,,
15159.0,0.010844210630800537,,,
1489667.0,0.003548563204129237,,,
1807123.0,0.019752841332076033,,,
1786928.0,0.019603950568266415,,,
171452.0,0.9939947391930121,0.3123876572798083,40056.0,12513.0
1531823.0,0.015807236091121148,,,
1573838.0,0.1347461412477046,,,
121596.0,0.9920095290088838,0.31276265759455674,39976.0,12503.0
294385.0,0.04208645590351878,,,
32444.0,0.3184773437887736,0.27653108929406267,12834.0,3549.0
782610.0,0.08156732344036925,,,
218837.0,0.06915975978956772,,,
494176.0,0.060275944215593825,,,
589852.0,0.01612983274604199,,,
1675171.0,0.01962876569556802,,,
1702900.0,0.018611345476202294,,,
356244.0,0.16335798302645294,,,
1578084.0,0.004243386768574123,,,
1605613.0,0.007593428954290536,,,
1762176.0,0.018710605985408704,,,
1756668.0,0.018958757258424736,,,
1610834.0,0.007841580227306567,,,
252575.0,0.9166459873939153,0.3124340128319662,36939.0,11541.0
171.0,0.5150379671447715,0.30676945314382076,20755.0,6367.0
797312.0,0.44287557695170976,0.2947274051661344,17847.0,5260.0
176934.0,0.03471636309494268,,,
195801.0,0.0641471040746439,,,
426488.0,0.11591145962578787,,,
634367.0,0.13772395652389696,,,
774906.0,0.021291379224775423,,,
266362.0,0.0381656657898655,,,
367548.0,0.07183979353814085,,,
594703.0,0.040796069283835425,,,
268100.0,0.9619832249739441,0.31282567198060157,38766.0,12127.0
636853.0,0.0665045411682962,,,
445882.0,0.094148592982282,,,
10729.0,0.9949873442850762,0.311951316839585,40096.0,12508.0
52940.0,0.14985855377438087,,,
103.0,0.9999503697453967,0.3128102044867977,40296.0,12605.0
641515.0,0.036627127897166115,,,
1772738.0,0.019380614422551987,,,
599190.0,0.730309196486178,0.30784913353720694,29430.0,9060.0
1682336.0,0.019330984167948782,,,
426653.0,0.004218571641272519,,,
679525.0,0.25785398779095736,0.29669906649985567,10391.0,3083.0
1818972.0,0.019256538786043973,,,
254743.0,0.08380068489751352,,,
228606.0,0.003995235495558093,,,
605036.0,0.9913395205717406,0.3121730206012666,39949.0,12471.0
1772112.0,0.018636160603503895,,,
723827.0,0.16449947888232666,,,
358041.0,0.016601320164772445,,,
753178.0,0.036056379969229245,,,
390980.0,0.057099607920988636,,,
196131.0,0.380217380515162,0.2961101683853283,15322.0,4537.0
1786055.0,0.019281353913345574,,,
550700.0,0.07662911310735024,,,
296195.0,0.7692689463496948,0.3008064516129032,31000.0,9325.0
105987.0,0.044195741724155045,,,
1772016.0,0.018363194203186262,,,
8989.0,0.6493870663556504,0.3003171691696282,26169.0,7859.0
528176.0,0.07938359223782818,,,
295922.0,0.014765000744453818,,,
840480.0,0.060077423197181,,,
1624160.0,0.5761824408159214,0.30901416943020804,23219.0,7175.0
39997.0,0.08499181100799047,,,
334600.0,0.18038116035535262,,,
2011839.0,0.009479378629212368,,,
849787.0,0.0028785547669859545,,,
757760.0,0.008784555064767482,,,
1792615.0,0.019678395950171224,,,
1653271.0,0.01962876569556802,,,
112174.0,0.09548860985656857,,,
56502.0,0.13365427564643406,,,
271079.0,0.3032904858801926,0.3842251677303224,12222.0,4696.0
262580.0,0.03300411931113206,,,
666113.0,0.009206412228894734,,,
302026.0,0.07481760881433322,,,
498991.0,0.0803017519479875,,,
318186.0,0.06707528909623306,,,
466805.0,0.12529157774579383,,,
666015.0,0.08318030671497345,,,
810210.0,0.5596803811603553,0.2984393012325973,22554.0,6731.0
497796.0,0.1282445778946846,,,
1800585.0,0.019355799295250383,,,
1370.0,0.9998759243634919,0.3127590400317673,40293.0,12602.0
101925.0,0.06717454960543948,,,
229163.0,0.005459328006352673,,,
556273.0,0.07121941535560078,,,
91097.0,0.13886545237977072,,,
1584792.0,0.018958757258424736,,,
450529.0,0.11514219067943819,,,
756220.0,0.8202144026998859,0.30414788370193324,33053.0,10053.0
450900.0,0.46893146061839297,0.3093083558236757,18897.0,5845.0
398874.0,0.052335103479080845,,,
1553020.0,0.0031763362946051915,,,
38533.0,0.05556107002828924,,,
284159.0,0.012779790560325575,,,
792059.0,0.688669412874088,0.3126981839146728,27752.0,8678.0
23518.0,0.00357337833143084,,,
292756.0,0.17080252121693384,,,
1805186.0,0.0186609757308055,,,
1801118.0,0.018536900094297485,,,
386389.0,0.11725147650007445,,,
211784.0,0.014938706635565041,,,
1656.0,0.7687726438036627,0.3233376371852808,30980.0,10017.0
76020.0,0.044245371978758254,,,
1616299.0,0.004119311132066108,,,
1520617.0,0.020000992605092065,,,
513511.0,0.08906149188545337,,,
191587.0,0.9445630056082188,0.31121269440941574,38064.0,11846.0
1553485.0,0.024641421410491835,,,
625121.0,0.12305821628864956,,,
318162.0,0.11261104769467467,,,
651026.0,0.06367561665591344,,,
802404.0,0.10060052608069879,,,
1785440.0,0.017072807583502905,,,
1783487.0,0.019256538786043973,,,
1812226.0,0.019603950568266415,,,
1796470.0,0.01957913544096481,,,
342342.0,0.06451933098416796,,,
471658.0,0.44984862772346024,0.30472197705207416,18128.0,5524.0
1644164.0,0.011563849322547025,,,
433920.0,0.6992158419772694,0.3033679951733684,28177.0,8548.0
818808.0,0.27470345922874584,0.41074977416440833,11070.0,4547.0
760519.0,0.07518983572385726,,,
54017.0,0.09464489552831407,,,
536473.0,0.00786639535460817,,,
32178.0,0.07685244925306467,,,
330012.0,0.7903369894287557,0.3116895349932494,31849.0,9927.0
1492124.0,0.0771750459079855,,,
210046.0,0.06451933098416796,,,
652805.0,0.0041689413866693135,,,
96345.0,0.10663060201498833,,,
1756032.0,0.019330984167948782,,,
1676343.0,0.01972802620477443,,,
606017.0,0.243312323192218,0.3942886282508924,9805.0,3866.0
143746.0,0.5314655814184327,0.3777840033618154,21417.0,8091.0
783360.0,0.11072509801975285,,,
664103.0,0.1719936473274108,,,
1598789.0,0.4121296342250236,0.2997350674373796,16608.0,4978.0
123675.0,0.12707826691150925,,,
230257.0,0.23673631445729318,0.3109014675052411,9540.0,2966.0
1552279.0,0.0035981934587324435,,,
1793924.0,0.018536900094297485,,,
508170.0,0.10672986252419475,,,
302806.0,0.14315846940294805,,,
316980.0,0.04094496004764504,,,
791820.0,0.0036974539679388557,,,
1498142.0,0.017718000893344583,,,
1704446.0,0.01950469005906,,,
1780314.0,0.017792446275249393,,,
445351.0,0.08141843267655963,,,
164512.0,0.3270633778351283,0.29226100151745066,13180.0,3852.0
135165.0,0.06767085215147153,,,
1563719.0,0.139659536453422,,,
669244.0,0.03211077472827436,,,
1790190.0,0.019455059804456797,,,
1788919.0,0.018685790858107103,,,
1784961.0,0.0186609757308055,,,
1859462.0,0.020422849769219317,,,
1781893.0,0.019603950568266415,,,
570506.0,0.18467417737852995,,,
805691.0,0.08610849173656261,,,
1571584.0,0.01801578242096382,,,
1517683.0,0.003474117822224428,,,
1605.0,0.998684798253015,0.3126599577587278,40245.0,12583.0
474746.0,0.005136731351431833,,,
740343.0,0.0722368355749665,,,
1795560.0,0.018487269839694277,,,
728704.0,0.09367710556355154,,,
1796080.0,0.019901732095885652,,,
3370.0,0.10199017320958856,,,
483796.0,0.6473770410442206,0.30170959828273536,26088.0,7871.0
336767.0,0.055412179264479625,,,
476311.0,0.09653084520323589,,,
1781759.0,0.019455059804456797,,,
737053.0,0.09727529902228399,,,
638144.0,0.0038215296044468708,,,
11363.0,0.06260856618194452,,,
381203.0,0.06950717157179016,,,
1774073.0,0.018685790858107103,,,
44922.0,0.9929525038463447,0.31276553206377766,40014.0,12515.0
189981.0,0.7596654920839744,0.3040864991996864,30613.0,9309.0
76595.0,0.03434413618541863,,,
1806990.0,0.017842076529852598,,,
1582851.0,0.16189389051565833,,,
556848.0,0.12102337584991811,,,
254996.0,0.10903766936324383,,,
10809.0,0.05444438929971711,,,
849128.0,0.13683061194103927,,,
1799598.0,0.01801578242096382,,,
228029.0,0.07856469303687529,,,
565363.0,0.1338279815375453,,,
585393.0,0.11236289642165864,,,
753601.0,0.1258375105464291,,,
1610935.0,0.0036230085860340464,,,
1804743.0,0.019330984167948782,,,
350593.0,0.09566231574767979,,,
1790878.0,0.020224328750806493,,,
42844.0,0.14313365427564642,,,
1811353.0,0.019306169040647178,,,
34834.0,0.051292868132413516,,,
35210.0,0.9511638294704452,0.3103052439342551,38330.0,11894.0
1707263.0,0.02037321951461611,,,
35748.0,0.20308700183631942,,,
182151.0,0.6346468807384982,0.298494623655914,25575.0,7634.0
530234.0,0.04154052310288352,,,
1825722.0,0.4635465779939451,0.30685224839400427,18680.0,5732.0
44252.0,0.9992059159263487,0.3128197486713356,40266.0,12596.0
756917.0,0.07980544940195543,,,
1651121.0,0.017990967293662216,,,
1703379.0,0.019678395950171224,,,
355502.0,0.07052459179115589,,,
359221.0,0.06479229738448558,,,
1579517.0,0.019455059804456797,,,
484764.0,0.028785547669859548,,,
745827.0,0.9167700630304233,0.31106539627544394,36944.0,11492.0
20.0,0.8844607672837361,0.30803546377868807,35642.0,10979.0
1698357.0,0.0033996724403196187,,,
1630552.0,0.020745446424140154,,,
1806425.0,0.019951362350488857,,,
519492.0,0.0731053650305226,,,
1566851.0,0.0062037818254007645,,,
137804.0,0.04878654027495161,,,
1771837.0,0.01851208496699588,,,
603147.0,0.06866345724353566,,,
1658327.0,0.019256538786043973,,,
1951628.0,0.47277780535014147,0.33098887255931136,19052.0,6306.0
590875.0,0.042309792049233214,,,
696037.0,0.03533674127748276,,,
1550585.0,0.003920790113653283,,,
1805076.0,0.020993597697156186,,,
1626484.0,0.30495309940939996,0.2825290910570429,12289.0,3472.0
1802752.0,0.018760236240011913,,,
691312.0,0.05404734726289146,,,
1495966.0,0.12035336741277483,,,
724301.0,0.00478931956920939,,,
1629393.0,0.09883865204228498,,,
204269.0,0.08342845798798948,,,
732496.0,0.08772147501116681,,,
15907.0,0.030820388108590998,,,
714127.0,0.13286019157278278,,,
383810.0,0.09846642513276094,,,
650976.0,0.07325425579433223,,,
342339.0,0.10975730805499032,,,
1494615.0,0.021936572534617102,,,
3271.0,0.9989577646533326,0.31257452305246425,40256.0,12583.0
1616078.0,0.006154151570797559,,,
1804703.0,0.018288748821281453,,,
41990.0,0.9689810908729962,0.31289694734685514,39048.0,12218.0
75195.0,0.9015335748672391,0.3187723644371043,36330.0,11581.0
725441.0,0.11328105613181795,,,
10125.0,0.8875130279418333,0.308989235285894,35765.0,11051.0
1785183.0,0.020596555660330536,,,
1794870.0,0.018710605985408704,,,
1780525.0,0.019182093404139164,,,
657258.0,0.08164176882227406,,,
47839.0,0.20864559035187852,,,
1508996.0,0.04685096034542657,,,
273586.0,0.09898754280609459,,,
1580.0,0.9968484788326964,0.3126384705384481,40171.0,12559.0
674306.0,0.07074792793687032,,,
479584.0,0.7920244180852648,0.30563649465801923,31917.0,9755.0
6794.0,0.5983671646235545,0.2995064902749554,24113.0,7222.0
1488443.0,0.018536900094297485,,,
1560084.0,0.0035981934587324435,,,
1754541.0,0.29046106506526376,0.295771038017941,11705.0,3462.0
191769.0,0.005533773388257481,,,
697388.0,0.144349595513425,,,
134530.0,0.035163035386371534,,,
704060.0,0.045907985507965654,,,
748237.0,0.07484242394163482,,,
1551785.0,0.003424487567621222,,,
319600.0,0.06270782669115092,,,
1757503.0,0.06049928036130826,,,
1706143.0,0.019206908531440765,,,
343418.0,0.076331331579731,,,
119651.0,0.7829172663655765,0.30519809825673533,31550.0,9629.0
73422.0,0.7891458633182789,0.3056193201471652,31801.0,9719.0
1865632.0,0.28353764454811653,0.2917031332049711,11426.0,3333.0
151800.0,0.1469551838800933,,,
475413.0,0.004764504441907787,,,
1672430.0,0.2894436448458981,0.2926954732510288,11664.0,3414.0
423393.0,0.031217430145416645,,,
1587366.0,0.019256538786043973,,,
499088.0,0.0990123579333962,,,
210412.0,0.6377487716511986,0.3014785992217899,25700.0,7748.0
291833.0,0.217554221053154,,,
1812006.0,0.0194798749317584,,,
67484.0,0.8065660826840042,0.30609482201642924,32503.0,9949.0
1806633.0,0.01980247158667924,,,
168060.0,0.1314953595711946,,,
159656.0,0.13506873790262544,,,
1639733.0,0.020224328750806493,,,
502760.0,0.07399870961338031,,,
8089.0,0.07940840736512979,,,
1731135.0,0.01759392525683657,,,
1683043.0,0.06342746538289741,,,
322161.0,0.005235991860638245,,,
266081.0,0.38438632190183136,0.3337637185280826,15490.0,5170.0
230535.0,0.7057918507121942,0.3007172491385979,28442.0,8553.0
1580751.0,0.0194798749317584,,,
1654964.0,0.004119311132066108,,,
1554168.0,0.019107648022234355,,,
1563916.0,0.1606283190232766,,,
751896.0,0.003920790113653283,,,
11254.0,0.9554568464936225,0.3117419421863231,38503.0,12003.0
2044888.0,0.040696808774629015,,,
783215.0,0.8427465382897414,0.30985542239627806,33961.0,10523.0
479987.0,0.09442155938259963,,,
650373.0,0.23388257481760882,0.340053050397878,9425.0,3205.0
512788.0,0.8373120254106904,0.3139707189852409,33742.0,10594.0
1807194.0,0.018313563948583057,,,
1815921.0,0.018760236240011913,,,
129579.0,0.01647724452826443,,,
1714479.0,0.017817261402550993,,,
1781293.0,0.01858653034890069,,,
1794896.0,0.0194798749317584,,,
127696.0,0.10908729961784704,,,
617662.0,0.9391284927291677,0.3084423305588585,37845.0,11673.0
1787109.0,0.01915727827683756,,,
60027.0,0.709365229043625,0.29906247813615056,28586.0,8549.0
731771.0,0.011886445977467864,,,
19288.0,0.02005062285969527,,,
175742.0,0.5685145664797261,0.31457878655608906,22910.0,7207.0
460129.0,0.09829271924164971,,,
293838.0,0.4316591394113852,0.29611957459039956,17395.0,5151.0
548514.0,0.0036726388406372523,,,
1553.0,0.9983870167253958,0.3126537916635598,40233.0,12579.0
1802574.0,0.01908283289493275,,,
1582120.0,0.01997617747779046,,,
80219.0,0.018933942131123132,,,
1512545.0,0.006700084371432826,,,
845553.0,0.05707479279368703,,,
609094.0,0.07290684401210978,,,
697168.0,0.061094843416546724,,,
1584685.0,0.003424487567621222,,,
1793649.0,0.019182093404139164,,,
491563.0,0.03533674127748276,,,
617379.0,0.4352077026155144,0.3002052685596989,17538.0,5265.0
143940.0,0.010372723212070077,,,
252563.0,0.020497295151124126,,,
827750.0,0.14484589805945705,,,
237694.0,0.06047446523400665,,,
720439.0,0.18189488312075042,,,
1776695.0,0.019033202640329545,,,
1570540.0,0.01915727827683756,,,
10197.0,0.9947640081393617,0.3132187492204455,40087.0,12556.0
1642864.0,0.018958757258424736,,,
14471.0,0.03868678346319917,,,
394150.0,0.016427614273661222,,,
590832.0,0.04652836369050573,,,
43611.0,0.8588763710357834,0.3115772442287134,34611.0,10784.0
1949634.0,0.019901732095885652,,,
1646074.0,0.017990967293662216,,,
74727.0,0.8748324978907142,0.30909967663243887,35254.0,10897.0
1631778.0,0.01794133703905901,,,
63945.0,0.6804059754826542,0.31507348918633066,27419.0,8639.0
1780853.0,0.018636160603503895,,,
1770039.0,0.019852101841282447,,,
368641.0,0.7988733932205072,0.3024570558817134,32193.0,9737.0
309074.0,0.003871159859050077,,,
813814.0,0.3262444786341754,0.355974747090591,13147.0,4680.0
841082.0,0.1493126209737456,,,
217759.0,0.21328601915727827,,,
1732844.0,0.02069581616953695,,,
1548925.0,0.0037470842225420615,,,
1489910.0,0.006948235644448856,,,
664990.0,0.0063278574619087796,,,
1644966.0,0.01970321107747283,,,
467834.0,0.01915727827683756,,,
1741971.0,0.01940542954985359,,,
311610.0,0.08593478584545139,,,
1557668.0,0.14730259566231574,,,
1604303.0,0.005161546478733436,,,
261424.0,0.01404536205270733,,,
215374.0,0.24658791999602958,0.32615477508302304,9937.0,3241.0
411372.0,0.03985309444637451,,,
136502.0,0.06826641520671001,,,
1771587.0,0.01940542954985359,,,
747868.0,0.42548017271328603,0.30094482678175666,17146.0,5160.0
635778.0,0.13700431783215047,,,
1530904.0,0.03660231276986451,,,
314181.0,0.5042682018958757,0.3161753850696324,20321.0,6425.0
1808419.0,0.01818948831207504,,,
149658.0,0.06667824705940742,,,
1814391.0,0.020273959005409698,,,
1772078.0,0.018809866494615118,,,
777928.0,0.5624844905454365,0.3041867031367186,22667.0,6895.0
811972.0,0.08995483646831108,,,
155199.0,0.09330487865402749,,,
287377.0,0.004193756513970917,,,
851199.0,0.003498932949526031,,,
608891.0,0.02263139609906199,,,
1508962.0,0.3411583701424388,0.25909223159732325,13748.0,3562.0
502550.0,0.027917018214303438,,,
644335.0,0.15154598243088988,,,
1040.0,0.0050622859695270235,,,
695822.0,0.04337684252320215,,,
369428.0,0.024418085264777407,,,
1673512.0,0.0186609757308055,,,
189220.0,0.05697553228448062,,,
553079.0,0.0069234205171472525,,,
587344.0,0.04144126259367711,,,
1532026.0,0.18276341257630652,,,
10374.0,0.7077770608963224,0.30478227333286584,28522.0,8693.0
1603777.0,0.0036726388406372523,,,
1925686.0,0.03608119509653084,,,
568318.0,0.269690803513822,0.3112808244387192,10868.0,3383.0
118055.0,0.005087101096828627,,,
1800418.0,0.019430244677155192,,,
339100.0,0.01508759739937466,,,
270281.0,0.046280212417489704,,,
741902.0,0.05809221301305276,,,
1753002.0,0.01923172365874237,,,
1806900.0,0.018859496749218323,,,
1568869.0,0.006079706188892749,,,
321100.0,0.6526130329048588,0.2957146659568805,26299.0,7777.0
1770540.0,0.01858653034890069,,,
1786741.0,0.019132463149535955,,,
527202.0,0.11325624100451635,,,
7782.0,0.05575959104670207,,,
1509561.0,0.005409697751749466,,,
351082.0,0.07908581071020894,,,
625568.0,0.004243386768574123,,,
1594338.0,0.01915727827683756,,,
40367.0,0.020422849769219317,,,
520084.0,0.2053203632934637,,,
508180.0,0.011414958558737406,,,
134220.0,0.15310933545089087,,,
210123.0,0.10156831604546131,,,
1784351.0,0.01940542954985359,,,
142278.0,0.08913593726735818,,,
360850.0,0.6698347312521713,0.31145111695624794,26993.0,8407.0
485160.0,0.11397587969626284,,,
242764.0,0.9400218373120254,0.30909954858636257,37881.0,11709.0
395063.0,0.13094942677055935,,,
1572545.0,0.14174400714675667,,,
149504.0,0.6481463099905702,0.30043263524637237,26119.0,7847.0
1801119.0,0.019827286713980843,,,
1771665.0,0.01923172365874237,,,
1774007.0,0.01905801776763115,,,
724720.0,0.0032011514219067944,,,
322201.0,0.7885254851357387,0.30309038267875127,31776.0,9631.0
98094.0,0.09295746687180505,,,
1552198.0,0.003796714477145268,,,
97001.0,0.03243337138319519,,,
811185.0,0.8692739093751551,0.30371110476734225,35030.0,10639.0
266980.0,0.3764951114199216,0.3317295017136831,15172.0,5033.0
1776703.0,0.019132463149535955,,,
414123.0,0.07732393667179513,,,
487655.0,0.29634225023574373,0.30246189917936694,11942.0,3612.0
1385.0,0.20393071616457392,,,
1528034.0,0.004863764951114199,,,
1799290.0,0.0211176733336642,,,
515852.0,0.09856568564196734,,,
1618526.0,0.020000992605092065,,,
547843.0,0.18144821082932155,,,
1665349.0,0.019529505186361606,,,
488877.0,0.23906893642364385,0.31347311604733236,9634.0,3020.0
259860.0,0.9941932602114248,0.31220047923322686,40064.0,12508.0
591764.0,0.0037470842225420615,,,
1381.0,0.8944612635862822,0.30764322374809266,36045.0,11089.0
1800201.0,0.01970321107747283,,,
1797896.0,0.019876916968584048,,,
511124.0,0.5477939351828874,0.3060022650056625,22075.0,6755.0
722293.0,0.05836517941337039,,,
1727388.0,0.018412824457789467,,,
710570.0,0.4183086009231227,0.2817227264637836,16857.0,4749.0
10256.0,1.0,0.31279467963670654,40298.0,12605.0
109544.0,0.9994540671993647,0.3128165656966928,40276.0,12599.0
1680797.0,0.01965358082286962,,,
1674307.0,0.019603950568266415,,,
218798.0,0.3352027395900541,0.30241338466094164,13508.0,4085.0
363446.0,0.7852250732046255,0.30512277596940873,31643.0,9655.0
442236.0,0.17983522755471737,,,
1750445.0,0.003474117822224428,,,
649472.0,0.033897463893989774,,,
1770254.0,0.01962876569556802,,,
1795224.0,0.019033202640329545,,,
172000.0,0.040126060846692145,,,
1801145.0,0.01873542111271031,,,
1490521.0,0.9968484788326964,0.31256378979861094,40171.0,12556.0
11212.0,0.37024169933991763,0.4406166219839142,14920.0,6574.0
427500.0,0.3873641371780237,0.29449071108263936,15610.0,4597.0
482558.0,0.4032954489056529,0.327775043071622,16252.0,5327.0
1527342.0,0.019529505186361606,,,
1818699.0,0.018933942131123132,,,
407623.0,0.031713732691448705,,,
1813553.0,0.019281353913345574,,,
1783666.0,0.018884311876519927,,,
593983.0,0.08325475209687826,,,
11188.0,0.7479527519976178,0.4066553863508178,30141.0,12257.0
1726261.0,0.019182093404139164,,,
851368.0,0.01665095041937565,,,
300547.0,0.889721574271676,0.3102582696491326,35854.0,11124.0
678031.0,0.07352722219464985,,,
682759.0,0.040225321355898555,,,
526150.0,0.006700084371432826,,,
2022235.0,0.2475308948334905,0.30005012531328323,9975.0,2993.0
10396.0,0.9994292520720631,0.3128491620111732,40275.0,12600.0
1783861.0,0.018809866494615118,,,
120528.0,0.16018164673184773,,,
1789774.0,0.019876916968584048,,,
10158.0,0.5607474316343243,0.37195202903040225,22597.0,8405.0
1777820.0,0.019306169040647178,,,
837101.0,0.1460122090426324,,,
192266.0,0.543203136632091,0.2973503883051622,21890.0,6509.0
50506.0,0.23611593627475308,0.535470310036784,9515.0,5095.0
1793991.0,0.01873542111271031,,,
120.0,0.9912898903171373,0.3128895786917666,39947.0,12499.0
10703.0,0.3060945952652737,0.3263072557762465,12335.0,4025.0
53715.0,0.16167055436994393,,,
1769690.0,0.018338379075884658,,,
18579.0,0.0875973993746588,,,
1609878.0,0.0036478237133356494,,,
327749.0,0.23822522209538935,0.30625,9600.0,2940.0
833287.0,0.035163035386371534,,,
837876.0,0.07578539877909574,,,
279680.0,0.13755025063278575,,,
1737488.0,0.019777656459377638,,,
170329.0,0.18340860588614818,,,
633752.0,0.03280559829271924,,,
378191.0,0.11643257729912154,,,
790821.0,0.14655814184326765,,,
839542.0,0.22174797756712492,,,
665198.0,0.12283488014293513,,,
570613.0,0.13561467070326072,,,
738315.0,0.09772197131371284,,,
565727.0,0.9739689314606184,0.3121862977400698,39249.0,12253.0
659213.0,0.9627524939202938,0.31273036574992913,38797.0,12133.0
1806073.0,0.01957913544096481,,,
1780861.0,0.019951362350488857,,,
1673776.0,0.0381408506625639,,,
10196.0,0.7709067447516006,0.3225069207493723,31066.0,10019.0
1804233.0,0.020075437986996875,,,
1568632.0,0.003995235495558093,,,
133643.0,0.05307955729812894,,,
405526.0,0.03158965705494069,,,
1538089.0,0.1477492679537446,,,
290222.0,0.9978410839247606,0.3129989306408694,40211.0,12586.0
100610.0,0.9486575016129832,0.3095555729943237,38229.0,11834.0
1368.0,0.9998014789815872,0.31280714817572597,40290.0,12603.0
527630.0,0.4465234006650454,0.3448371679448705,17994.0,6205.0
377112.0,0.15497046999851108,,,
773216.0,0.04479130477939352,,,
454454.0,0.07151719688322002,,,
11069.0,0.9997766638542855,0.31266598823500213,40289.0,12597.0
781973.0,0.5017618740384138,0.30009891196834815,20220.0,6068.0
1681669.0,0.01970321107747283,,,
594145.0,0.35123331182688966,0.4873533983326268,14154.0,6898.0
1566743.0,0.027395900540969777,,,
210628.0,0.07839098714576406,,,
1726723.0,0.0186609757308055,,,
345210.0,0.475805250880937,0.43934494628142273,19174.0,8424.0
112978.0,0.018239118566678248,,,
121748.0,0.10248647575562063,,,
453366.0,0.08176584445878207,,,
787562.0,0.2727430641719192,0.3034300791556728,10991.0,3335.0
656467.0,0.06486674276639039,,,
612150.0,0.6995384386321902,0.30418588151826886,28190.0,8575.0
578610.0,0.017916521911757407,,,
838815.0,0.1079954340165765,,,
11.0,1.0,0.31279467963670654,40298.0,12605.0
449467.0,0.12385230036230085,,,
378176.0,0.21231822919251575,,,
190755.0,0.062310784654325276,,,
769752.0,0.07409797012258673,,,
1799087.0,0.01890912700382153,,,
32994.0,0.06938309593528215,,,
1852.0,0.854459278376098,0.3107193680480934,34433.0,10699.0
97079.0,0.5319370688371632,0.3879921627169248,21436.0,8317.0
1804707.0,0.019330984167948782,,,
1710697.0,0.019132463149535955,,,
619502.0,0.00357337833143084,,,
296975.0,0.08831703806640528,,,
805587.0,0.07419723063179313,,,
629496.0,0.09330487865402749,,,
84111.0,0.8571889423792745,0.3119590076136989,34543.0,10776.0
1808114.0,0.01923172365874237,,,
608968.0,0.0035981934587324435,,,
1496013.0,0.005037470842225421,,,
1805322.0,0.019182093404139164,,,
790785.0,0.01970321107747283,,,
194871.0,0.3449798997468857,0.3734714429578478,13902.0,5192.0
1788794.0,0.018536900094297485,,,
627210.0,0.07087200357337833,,,
473818.0,0.8525733287011762,0.3067497162150362,34357.0,10539.0
68512.0,0.045089086307012756,,,
1545824.0,0.003498932949526031,,,
324845.0,0.0698793984813142,,,
607197.0,0.14496997369596507,,,
7516.0,0.12223931708769666,,,
758759.0,0.09921087895180902,,,
1788888.0,0.018611345476202294,,,
76409.0,0.005583403642860688,,,
1647353.0,0.019355799295250383,,,
355960.0,0.018462454712392676,,,
39965.0,0.24145118864459775,0.28591983556012335,9730.0,2782.0
1625190.0,0.0037470842225420615,,,
1630055.0,0.01950469005906,,,
1890333.0,0.17219216834582363,,,
808002.0,0.04536205270733039,,,
1781410.0,0.01905801776763115,,,
389884.0,0.0665293562955978,,,
658688.0,0.04208645590351878,,,
1779253.0,0.019430244677155192,,,
32493.0,0.13295945208198917,,,
11204.0,0.15703012556454415,,,
21756.0,0.035783413568911605,,,
38475.0,0.10191572782768375,,,
328511.0,0.010695319866990918,,,
1789496.0,0.019330984167948782,,,
1772684.0,0.018859496749218323,,,
599828.0,0.020422849769219317,,,
25910.0,0.20673482554965508,,,
1602087.0,0.003920790113653283,,,
335003.0,0.018785051367313513,,,
14458.0,0.1769070425331282,,,
29194.0,0.45503498932949527,0.31357364890658235,18337.0,5750.0
1649931.0,0.018785051367313513,,,
4380.0,0.7394411633331679,0.31438351567219275,29798.0,9368.0
677144.0,0.8416298575611693,0.3118881943625427,33916.0,10578.0
1772718.0,0.018536900094297485,,,
514728.0,0.16936324383344087,,,
381279.0,0.7457442056677751,0.3048382803141222,30052.0,9161.0
1602557.0,0.01818948831207504,,,
1696606.0,0.01818948831207504,,,
1625739.0,0.003350042185716413,,,
1196.0,0.642910318129932,0.3058900725644589,25908.0,7925.0
766771.0,0.09615861829371185,,,
377013.0,0.08422254206164077,,,
112980.0,0.004963025460320612,,,
1787369.0,0.019132463149535955,,,
1800011.0,0.018536900094297485,,,
1604957.0,0.611717703111817,0.29990669749705895,24651.0,7393.0
1810540.0,0.019033202640329545,,,
615532.0,0.10739987096133803,,,
1774387.0,0.01915727827683756,,,
1523783.0,0.020025807732393666,,,
97179.0,0.5478435654374907,0.30212438284187165,22077.0,6670.0
524623.0,0.003474117822224428,,,
1670492.0,0.2477046007246017,0.29743538369064315,9982.0,2969.0
484622.0,0.05628070872003573,,,
1805580.0,0.01794133703905901,,,
476751.0,0.6532085959600973,0.3011434866846484,26323.0,7927.0
