id_ip,ratio_active,has_drift,drift_in_test,max_rel_dev,drift_fraction,n_drift_events
211784.0,0.017713605239654658,False,False,0.0,0.0,0
162890.0,0.07174754391187854,False,False,0.0,0.0,0
237979.0,0.059094968740696634,False,False,0.0,0.0,0
164512.0,0.6105983923786842,False,False,0.0,0.0,0
181135.0,0.03408752604941947,False,False,0.0,0.0,0
143940.0,0.016671628460851445,False,False,0.0,0.0,0
1509122.0,0.052396546591247393,False,False,0.0,0.0,0
599190.0,0.8986305448050015,False,False,0.0,0.0,0
172000.0,0.055224769276570405,False,False,0.0,0.0,0
394150.0,0.025751711818993748,False,False,0.0,0.0,0
11799.0,0.012950282822268532,False,False,0.0,0.0,0
737244.0,0.23980351295028282,False,False,0.0,0.0,0
1704446.0,0.011164036915748734,False,False,0.0,0.0,0
1802049.0,0.00848466805596904,False,False,0.0,0.0,0
84111.0,0.9123250967549866,True,True,2.1727599030962947,0.13054480500148855,3
745827.0,0.9974694849657636,True,True,1.6764919303147874,0.06877046740101221,2
728704.0,0.1673116999106877,False,False,0.0,0.0,0
1582120.0,0.012354867520095266,False,False,0.0,0.0,0
1808114.0,0.009973206311402203,False,False,0.0,0.0,0
11188.0,0.8407264066686514,False,False,0.0,0.0,0
1550502.0,0.00044656147662994937,False,False,0.0,0.0,0
11204.0,0.17162846085144387,False,False,0.0,0.0,0
336767.0,0.08469782673414707,False,False,0.0,0.0,0
1637350.0,0.012057159869008634,False,False,0.0,0.0,0
1732869.0,0.010270913962488836,False,False,0.0,0.0,0
656467.0,0.09481988687109259,False,False,0.0,0.0,0
109544.0,0.9998511461744567,True,True,0.6793001690735575,0.011015183090205419,1
1780525.0,0.011164036915748734,False,False,0.0,0.0,0
335679.0,0.2795474843703483,False,False,0.0,0.0,0
679525.0,0.43822566239952365,False,False,0.0,0.0,0
10158.0,0.7018457874367371,False,False,0.0,0.0,0
530234.0,0.026644834772253646,False,False,0.0,0.0,0
792059.0,0.9648704971717773,True,True,3.057257834412053,0.22045251562965168,3
20342.0,0.9662101816016672,True,True,3.344288776115145,0.4818398332837154,5
1616078.0,0.009824352485858886,False,False,0.0,0.0,0
159656.0,0.19931527240250074,False,False,0.0,0.0,0
322161.0,0.0037213456385829114,False,False,0.0,0.0,0
1535285.0,0.009973206311402203,False,False,0.0,0.0,0
1643601.0,0.012057159869008634,False,False,0.0,0.0,0
1789774.0,0.011164036915748734,False,False,0.0,0.0,0
88152.0,0.09898779398630544,False,False,0.0,0.0,0
1626484.0,0.5488240547782078,False,False,0.0,0.0,0
841082.0,0.22357844596606133,False,False,0.0,0.0,0
515852.0,0.13992259601071746,False,False,0.0,0.0,0
783215.0,0.9084548972908604,True,True,3.4285714285714293,0.10910985412325097,3
1787369.0,0.011610598392378685,False,False,0.0,0.0,0
309074.0,0.0014885382554331646,False,False,0.0,0.0,0
53715.0,0.19752902649598095,False,False,0.0,0.0,0
112978.0,0.009526644834772254,False,False,0.0,0.0,0
790821.0,0.18145281333730276,False,False,0.0,0.0,0
99839.0,0.10866329264662102,False,False,0.0,0.0,0
11587.0,0.08782375707055672,False,False,0.0,0.0,0
1698357.0,0.0008931229532598987,False,False,0.0,0.0,0
1523783.0,0.030812741887466508,False,False,0.0,0.0,0
176934.0,0.06281631437927955,False,False,0.0,0.0,0
107691.0,0.11238463828520392,False,False,0.0,0.0,0
1496013.0,0.004465614766299494,False,False,0.0,0.0,0
284159.0,0.014885382554331646,False,False,0.0,0.0,0
119651.0,0.9894313783864245,False,False,0.4347246872403703,0.0,0
570613.0,0.15838047037808872,False,False,0.0,0.0,0
484764.0,0.04361417088419172,False,False,0.0,0.0,0
174909.0,0.9420958618636499,False,False,0.5614085575253787,0.0,0
1807123.0,0.010866329264662102,False,False,0.0,0.0,0
1813553.0,0.008335814230425722,False,False,0.0,0.0,0
1787109.0,0.009973206311402203,False,False,0.0,0.0,0
1795560.0,0.010419767788032152,False,False,0.0,0.0,0
32178.0,0.12399523667758261,False,False,0.0,0.0,0
1790713.0,0.011461744566835368,False,False,0.0,0.0,0
38475.0,0.14334623399821375,False,False,0.0,0.0,0
1647353.0,0.011015183090205419,False,False,0.0,0.0,0
1703379.0,0.011164036915748734,False,False,0.0,0.0,0
324845.0,0.09913664781184876,False,False,0.0,0.0,0
11363.0,0.0976481095564156,False,False,0.0,0.0,0
211973.0,0.6162548377493302,False,False,0.0,0.0,0
805587.0,0.10955641559988091,False,False,0.0,0.0,0
848885.0,0.006996129800535874,False,False,0.0,0.0,0
772087.0,0.10151830902054183,False,False,0.0,0.0,0
1385.0,0.22819291455790414,False,False,0.0,0.0,0
1494615.0,0.02366775826138732,False,False,0.0,0.0,0
1658327.0,0.011015183090205419,False,False,0.0,0.0,0
1653271.0,0.011610598392378685,False,False,0.0,0.0,0
1757969.0,0.011312890741292051,False,False,0.0,0.0,0
302026.0,0.10836558499553439,False,False,0.0,0.0,0
1951628.0,0.5297707651086633,False,False,0.0,0.0,0
225587.0,0.032152426317356354,False,False,0.0,0.0,0
314181.0,0.7082465019350997,False,False,0.0,0.0,0
527630.0,0.590800833581423,False,False,0.0,0.0,0
426488.0,0.13888061923191425,False,False,0.0,0.0,0
224502.0,0.11357546888955046,False,False,0.0,0.0,0
1788166.0,0.008782375707055671,False,False,0.0,0.0,0
1553485.0,0.03899970229234891,False,False,0.0,0.0,0
335003.0,0.025900565644537063,False,False,0.0,0.0,0
335577.0,0.1562965168204823,False,False,0.0,0.0,0
577065.0,0.04733551652277464,False,False,0.0,0.0,0
296975.0,0.1256326287585591,False,False,0.0,0.0,0
378176.0,0.31988687109258707,False,False,0.0,0.0,0
756220.0,0.9697826734147068,True,True,1.773319691921252,0.04435844001190831,3
644335.0,0.23012801428996726,False,False,0.0,0.0,0
591764.0,0.0007442691277165823,False,False,0.0,0.0,0
594145.0,0.37749330157785055,False,False,0.0,0.0,0
1792304.0,0.007293837451622507,False,False,0.0,0.0,0
390980.0,0.08901458767490325,False,False,0.0,0.0,0
703472.0,0.14036915748734743,False,False,0.0,0.0,0
159906.0,0.03870199464126228,False,False,0.0,0.0,0
252575.0,0.9980649002679369,False,False,0.37624561477571167,0.0,0
242764.0,0.9952366775826139,True,True,3.4255079712766903,0.3225662399523668,4
112174.0,0.1356058350699613,False,False,0.0,0.0,0
1789496.0,0.010419767788032152,False,False,0.0,0.0,0
487813.0,0.015034236379874963,False,False,0.0,0.0,0
1814391.0,0.011610598392378685,False,False,0.0,0.0,0
1646074.0,0.008931229532598988,False,False,0.0,0.0,0
1718500.0,0.009824352485858886,False,False,0.0,0.0,0
1490521.0,0.9998511461744567,True,False,2.692012702950707,0.03676689490919917,2
97079.0,0.7101816016671628,False,False,0.0,0.0,0
1196.0,0.7142006549568324,False,False,0.0,0.0,0
482558.0,0.523072342959214,False,False,0.0,0.0,0
1489667.0,0.0008931229532598987,False,False,0.0,0.0,0
651026.0,0.0949687406966359,False,False,0.0,0.0,0
178.0,0.13143792795474843,False,False,0.0,0.0,0
792282.0,0.047782077999404586,False,False,0.0,0.0,0
1757503.0,0.05358737719559393,False,False,0.0,0.0,0
1618526.0,0.010270913962488836,False,False,0.0,0.0,0
685925.0,0.10791902351890444,False,False,0.0,0.0,0
1555981.0,0.296814528133373,False,False,0.0,0.0,0
266081.0,0.44983626079190236,False,False,0.0,0.0,0
280995.0,0.13262875855909498,False,False,0.0,0.0,0
20.0,0.9822863947603453,True,True,2.413241350169401,0.12176242929443287,2
479584.0,0.9836260791902351,True,True,1.6570596145982315,0.07159869008633522,3
620676.0,0.09556415599880917,False,False,0.0,0.0,0
381622.0,0.08931229532598987,False,False,0.0,0.0,0
476311.0,0.13352188151235486,False,False,0.0,0.0,0
2003134.0,0.16582316165525454,False,False,0.0,0.0,0
176312.0,0.00967549866031557,False,False,0.0,0.0,0
578610.0,0.016076213158678177,False,False,0.0,0.0,0
547610.0,0.5729383745162251,False,False,0.0,0.0,0
262580.0,0.047782077999404586,False,False,0.0,0.0,0
488877.0,0.4230425721941054,False,False,0.0,0.0,0
196131.0,0.6743078297112236,False,False,0.0,0.0,0
757760.0,0.013843405775528431,False,False,0.0,0.0,0
1536107.0,0.051801131289074126,False,False,0.0,0.0,0
261424.0,0.014885382554331646,False,False,0.0,0.0,0
11069.0,0.9997022923489134,False,False,0.4407532327378696,0.0,0
1842991.0,0.7715093777910093,False,False,0.0,0.0,0
98094.0,0.13902947305745758,False,False,0.0,0.0,0
1794371.0,0.00848466805596904,False,False,0.0,0.0,0
430173.0,0.20735337898183984,False,False,0.0,0.0,0
570506.0,0.2506698422149449,False,False,0.0,0.0,0
61938.0,0.0005954153021732659,False,False,0.0,0.0,0
1998963.0,0.013545698124441799,False,False,0.0,0.0,0
474746.0,0.0020839535576064306,False,False,0.0,0.0,0
351082.0,0.12890741292051205,False,False,0.0,0.0,0
1714479.0,0.009824352485858886,False,False,0.0,0.0,0
630466.0,0.2549866031557011,False,False,0.0,0.0,0
593983.0,0.11625483774933015,False,False,0.0,0.0,0
616143.0,0.21196784757368264,False,False,0.0,0.0,0
1805322.0,0.009526644834772254,False,False,0.0,0.0,0
309720.0,0.06043465317058649,False,False,0.0,0.0,0
1504925.0,0.02857993450431676,False,False,0.0,0.0,0
190.0,0.9952366775826139,True,False,1.614234267156457,0.02991961893420661,1
777928.0,0.7762727002083953,False,False,0.0,0.0,0
322201.0,0.9889848169097946,True,True,3.0051021287686472,0.07219410538850848,2
433762.0,0.12012503721345638,False,False,0.0,0.0,0
680307.0,0.01473652872878833,False,False,0.0,0.0,0
38533.0,0.08737719559392676,False,False,0.0,0.0,0
395962.0,0.13143792795474843,False,False,0.0,0.0,0
774906.0,0.03125930336409646,False,False,0.0,0.0,0
1586204.0,0.002977076510866329,False,False,0.0,0.0,0
849787.0,0.003572491813039595,False,False,0.0,0.0,0
1598789.0,0.5881214647216434,False,False,0.0,0.0,0
1793924.0,0.00922893718368562,False,False,0.0,0.0,0
1560084.0,0.0005954153021732659,False,False,0.0,0.0,0
737053.0,0.16775826138731764,False,False,0.0,0.0,0
1800418.0,0.009973206311402203,False,False,0.0,0.0,0
1673776.0,0.0461446859184281,False,False,0.0,0.0,0
1620676.0,0.36141708841917236,False,False,0.0,0.0,0
1672.0,0.7566239952366776,False,False,0.0,0.0,0
210046.0,0.10985412325096755,False,False,0.0,0.0,0
218837.0,0.10791902351890444,False,False,0.0,0.0,0
1731135.0,0.022476927657040787,False,False,0.0,0.0,0
407623.0,0.04659124739505805,False,False,0.0,0.0,0
568318.0,0.41202738910389997,False,False,0.0,0.0,0
268100.0,0.9959809467103304,False,False,1.2937005675585591,0.0,0
35748.0,0.24188746650788925,False,False,0.0,0.0,0
273306.0,0.055373623102113724,False,False,0.0,0.0,0
1777188.0,0.011610598392378685,False,False,0.0,0.0,0
827750.0,0.22744864543018756,False,False,0.0,0.0,0
1649931.0,0.010419767788032152,False,False,0.0,0.0,0
484622.0,0.0931824947901161,False,False,0.0,0.0,0
78471.0,0.9994045846978268,True,True,1.4259923761879172,0.0020839535576064306,2
85341.0,0.19231914260196487,False,False,0.0,0.0,0
837101.0,0.21762429294432867,False,False,0.0,0.0,0
426653.0,0.001935099732063114,False,False,0.0,0.0,0
460129.0,0.17281929145579042,False,False,0.0,0.0,0
697388.0,0.19663590354272104,False,False,0.0,0.0,0
594703.0,0.05641559988091694,False,False,0.0,0.0,0
449467.0,0.1655254540041679,False,False,0.0,0.0,0
475413.0,0.008931229532598988,False,False,0.0,0.0,0
546509.0,0.0017862459065197975,False,False,0.0,0.0,0
635778.0,0.14870497171777314,False,False,0.0,0.0,0
1793818.0,0.009377791009228937,False,False,0.0,0.0,0
605036.0,0.9997022923489134,True,True,2.8776119646101055,0.1256326287585591,2
1037.0,0.007889252753795772,False,False,0.0,0.0,0
339100.0,0.02322119678475737,False,False,0.0,0.0,0
532881.0,0.138285203929741,False,False,0.0,0.0,0
1580751.0,0.010419767788032152,False,False,0.0,0.0,0
1780396.0,0.010568621613575468,False,False,0.0,0.0,0
421601.0,0.08380470378088717,False,False,0.0,0.0,0
1495966.0,0.17222387615361714,False,False,0.0,0.0,0
1770540.0,0.01012206013694552,False,False,0.0,0.0,0
783360.0,0.1437927954748437,False,False,0.0,0.0,0
54017.0,0.14036915748734743,False,False,0.0,0.0,0
1616299.0,0.0013396844298898482,False,False,0.0,0.0,0
1817512.0,0.009824352485858886,False,False,0.0,0.0,0
70932.0,0.09214051801131289,False,False,0.0,0.0,0
666120.0,0.007442691277165823,False,False,0.0,0.0,0
1794896.0,0.011610598392378685,False,False,0.0,0.0,0
1783093.0,0.008782375707055671,False,False,0.0,0.0,0
92511.0,0.8858291158082763,False,False,0.0,0.0,0
557088.0,0.20125037213456387,False,False,0.0,0.0,0
1502881.0,0.004167907115212861,False,False,0.0,0.0,0
450863.0,0.9583209288478713,False,False,0.6618310002424023,0.0,0
11212.0,0.467996427508187,False,False,0.0,0.0,0
1580.0,0.9998511461744567,True,True,2.3653585350337574,0.08544209586186365,3
664990.0,0.004167907115212861,False,False,0.0,0.0,0
125740.0,0.9449240845489729,True,True,3.3410355230562865,0.33239059243822566,6
138149.0,0.09511759452217922,False,False,0.0,0.0,0
345210.0,0.5562667460553736,False,False,0.0,0.0,0
395063.0,0.2054182792497767,False,False,0.0,0.0,0
1793991.0,0.01012206013694552,False,False,0.0,0.0,0
381279.0,0.9385233700506103,True,True,0.9771906859575175,0.0011908306043465317,1
1738108.0,0.012503721345638583,False,False,0.0,0.0,0
1790508.0,0.030961595713009823,False,False,0.0,0.0,0
1811974.0,0.010419767788032152,False,False,0.0,0.0,0
1570540.0,0.01220601369455195,False,False,0.0,0.0,0
1489910.0,0.007740398928252456,False,False,0.0,0.0,0
1790117.0,0.009973206311402203,False,False,0.0,0.0,0
676318.0,0.135456981244418,False,False,0.0,0.0,0
1557668.0,0.21673116999106878,False,False,0.0,0.0,0
1993833.0,0.4982137540934802,False,False,0.0,0.0,0
134530.0,0.05090800833581423,False,False,0.0,0.0,0
443967.0,0.10375111640369157,False,False,0.0,0.0,0
40367.0,0.026198273295623697,False,False,0.0,0.0,0
1852.0,0.9855611789222983,True,False,1.4929725892597177,0.08395355760643049,3
1774.0,0.9815421256326288,True,True,0.9400811684758402,0.058201845787436736,4
1584792.0,0.011610598392378685,False,False,0.0,0.0,0
10396.0,0.9995534385233701,True,True,2.530494362903236,0.27880321524263174,6
369833.0,0.0814230425721941,False,False,0.0,0.0,0
555861.0,0.018309020541827925,False,False,0.0,0.0,0
1786928.0,0.009824352485858886,False,False,0.0,0.0,0
4380.0,0.7393569514736529,False,False,0.0,0.0,0
1808388.0,0.00922893718368562,False,False,0.0,0.0,0
10409.0,0.23891038999702294,False,False,0.0,0.0,0
254996.0,0.15957130098243524,False,False,0.0,0.0,0
1771665.0,0.009973206311402203,False,False,0.0,0.0,0
1603777.0,0.0008931229532598987,False,False,0.0,0.0,0
295922.0,0.02604941947008038,False,False,0.0,0.0,0
2044888.0,0.04301875558201846,False,False,0.0,0.0,0
368641.0,0.9840726406668652,False,False,0.558023653279926,0.0,0
35210.0,0.996278654361417,False,False,0.5704779494690998,0.0,0
1805076.0,0.012503721345638583,False,False,0.0,0.0,0
148765.0,0.013992259601071748,False,False,0.0,0.0,0
1702900.0,0.009973206311402203,False,False,0.0,0.0,0
8089.0,0.1193807680857398,False,False,0.0,0.0,0
266362.0,0.0506103006847276,False,False,0.0,0.0,0
1770039.0,0.012354867520095266,False,False,0.0,0.0,0
1508962.0,0.5133968442988985,False,False,0.0,0.0,0
376293.0,0.4547484370348318,False,False,0.0,0.0,0
556848.0,0.1781780291753498,False,False,0.0,0.0,0
1780853.0,0.007740398928252456,False,False,0.0,0.0,0
1806633.0,0.010419767788032152,False,False,0.0,0.0,0
650409.0,0.1926168502530515,False,False,0.0,0.0,0
112980.0,0.004019053289669544,False,False,0.0,0.0,0
747868.0,0.641113426615064,False,False,0.0,0.0,0
1509561.0,0.0055075915451027095,False,False,0.0,0.0,0
156573.0,0.9998511461744567,False,False,0.8056616529957188,0.0,0
1727388.0,0.009080083358142305,False,False,0.0,0.0,0
1793782.0,0.00922893718368562,False,False,0.0,0.0,0
222414.0,0.051652277463530814,False,False,0.0,0.0,0
1779305.0,0.00967549866031557,False,False,0.0,0.0,0
294385.0,0.0614766299493897,False,False,0.0,0.0,0
259860.0,0.9998511461744567,True,True,0.862297179707318,0.006251860672819291,1
142278.0,0.12860970526942542,False,False,0.0,0.0,0
1772112.0,0.009377791009228937,False,False,0.0,0.0,0
3370.0,0.14691872581125334,False,False,0.0,0.0,0
296195.0,0.9828818100625186,False,False,0.5263284873103659,0.0,0
129579.0,0.02977076510866329,False,False,0.0,0.0,0
782264.0,0.14781184876451325,False,False,0.0,0.0,0
155199.0,0.14126228044060732,False,False,0.0,0.0,0
1780773.0,0.01012206013694552,False,False,0.0,0.0,0
838815.0,0.14617445668353676,False,False,0.0,0.0,0
123675.0,0.16865138434057755,False,False,0.0,0.0,0
218798.0,0.4106877046740101,False,False,0.0,0.0,0
526150.0,0.005954153021732658,False,False,0.0,0.0,0
724301.0,0.003274784161952962,False,False,0.0,0.0,0
1818699.0,0.010270913962488836,False,False,0.0,0.0,0
1490141.0,0.017564751414111342,False,False,0.0,0.0,0
405441.0,0.8736231021137243,False,False,0.0,0.0,0
1805580.0,0.008782375707055671,False,False,0.0,0.0,0
1804229.0,0.011461744566835368,False,False,0.0,0.0,0
519492.0,0.10925870794879429,False,False,0.0,0.0,0
1796470.0,0.012057159869008634,False,False,0.0,0.0,0
11254.0,0.9925573087228342,True,True,3.313167985594789,0.311848764513248,6
1622963.0,0.0007442691277165823,False,False,0.0,0.0,0
191769.0,0.002232807383149747,False,False,0.0,0.0,0
1771587.0,0.010419767788032152,False,False,0.0,0.0,0
1786741.0,0.011461744566835368,False,False,0.0,0.0,0
833287.0,0.04584697826734147,False,False,0.0,0.0,0
445351.0,0.11327776123846382,False,False,0.0,0.0,0
1776564.0,0.009824352485858886,False,False,0.0,0.0,0
445882.0,0.11625483774933015,False,False,0.0,0.0,0
625257.0,0.01935099732063114,False,False,0.0,0.0,0
1788794.0,0.00848466805596904,False,False,0.0,0.0,0
411578.0,0.17490324501339685,False,False,0.0,0.0,0
1806073.0,0.00922893718368562,False,False,0.0,0.0,0
15159.0,0.015034236379874963,False,False,0.0,0.0,0
1523377.0,0.0055075915451027095,False,False,0.0,0.0,0
691312.0,0.06832390592438226,False,False,0.0,0.0,0
1568869.0,0.004912176242929443,False,False,0.0,0.0,0
1754541.0,0.46725215838047035,False,False,0.0,0.0,0
120.0,0.9995534385233701,True,True,2.9982033248891926,0.19842214944924086,6
714127.0,0.19321226555522478,False,False,0.0,0.0,0
497120.0,0.114766299493897,False,False,0.0,0.0,0
21756.0,0.05596903840428699,False,False,0.0,0.0,0
513511.0,0.11625483774933015,False,False,0.0,0.0,0
1797032.0,0.009824352485858886,False,False,0.0,0.0,0
303317.0,0.06028579934504317,False,False,0.0,0.0,0
121748.0,0.1609109854123251,False,False,0.0,0.0,0
820693.0,0.06043465317058649,False,False,0.0,0.0,0
23518.0,0.0010419767788032153,False,False,0.0,0.0,0
564287.0,0.8995236677582614,False,False,0.0,0.0,0
1531823.0,0.022923489133670736,False,False,0.0,0.0,0
1775679.0,0.011015183090205419,False,False,0.0,0.0,0
611765.0,0.020988389401607622,False,False,0.0,0.0,0
663507.0,0.311848764513248,False,False,0.0,0.0,0
1561250.0,0.0008931229532598987,False,False,0.0,0.0,0
482423.0,0.5077403989282524,False,False,0.0,0.0,0
1569842.0,0.021732658529324204,False,False,0.0,0.0,0
1512833.0,0.10345340875260495,False,False,0.0,0.0,0
731771.0,0.013694551949985114,False,False,0.0,0.0,0
1802752.0,0.00922893718368562,False,False,0.0,0.0,0
462951.0,0.5875260494194701,False,False,0.0,0.0,0
485160.0,0.15763620125037214,False,False,0.0,0.0,0
1726723.0,0.009377791009228937,False,False,0.0,0.0,0
66356.0,0.04286990175647514,False,False,0.0,0.0,0
58559.0,0.10925870794879429,False,False,0.0,0.0,0
810210.0,0.8837451622506698,False,False,0.0,0.0,0
47839.0,0.27448645430187557,False,False,0.0,0.0,0
589852.0,0.024560881214647216,False,False,0.0,0.0,0
677144.0,0.899821375409348,False,False,0.0,0.0,0
1620781.0,0.0008931229532598987,False,False,0.0,0.0,0
1604427.0,0.08693063411729682,False,False,0.0,0.0,0
720439.0,0.21181899374813934,False,False,0.0,0.0,0
1665349.0,0.010568621613575468,False,False,0.0,0.0,0
1807236.0,0.01220601369455195,False,False,0.0,0.0,0
1602087.0,0.00029770765108663293,False,False,0.0,0.0,0
454046.0,0.29413515927359335,False,False,0.0,0.0,0
1566743.0,0.03587377195593927,False,False,0.0,0.0,0
1552198.0,0.0007442691277165823,False,False,0.0,0.0,0
760519.0,0.10806787734444775,False,False,0.0,0.0,0
1741971.0,0.010866329264662102,False,False,0.0,0.0,0
548514.0,0.004465614766299494,False,False,0.0,0.0,0
1769690.0,0.008782375707055671,False,False,0.0,0.0,0
149658.0,0.09571300982435249,False,False,0.0,0.0,0
1949634.0,0.030812741887466508,False,False,0.0,0.0,0
741913.0,0.16775826138731764,False,False,0.0,0.0,0
1550585.0,0.0007442691277165823,False,False,0.0,0.0,0
89256.0,0.0008931229532598987,False,False,0.0,0.0,0
1706184.0,0.009526644834772254,False,False,0.0,0.0,0
165515.0,0.07636201250372135,False,False,0.0,0.0,0
389884.0,0.09124739505805299,False,False,0.0,0.0,0
277442.0,0.07621315867817803,False,False,0.0,0.0,0
805691.0,0.12503721345638583,False,False,0.0,0.0,0
1785616.0,0.008038106579339089,False,False,0.0,0.0,0
20150.0,0.11521286097052694,False,False,0.0,0.0,0
638144.0,0.0010419767788032153,False,False,0.0,0.0,0
818808.0,0.3383447454599583,False,False,0.0,0.0,0
1676147.0,0.011461744566835368,False,False,0.0,0.0,0
118055.0,0.0017862459065197975,False,False,0.0,0.0,0
1859462.0,0.03959511759452218,False,False,0.0,0.0,0
78134.0,0.9742482881810063,True,True,2.8612746637124524,0.0379577255135457,2
1682336.0,0.011312890741292051,False,False,0.0,0.0,0
1790061.0,0.010419767788032152,False,False,0.0,0.0,0
1548925.0,0.0013396844298898482,False,False,0.0,0.0,0
649472.0,0.0497171777314677,False,False,0.0,0.0,0
1770254.0,0.011610598392378685,False,False,0.0,0.0,0
383810.0,0.14513247990473355,False,False,0.0,0.0,0
497796.0,0.18413218219708247,False,False,0.0,0.0,0
1604957.0,0.8934206609109854,False,False,0.0,0.0,0
1792379.0,0.013099136647811848,False,False,0.0,0.0,0
1783861.0,0.01012206013694552,False,False,0.0,0.0,0
355502.0,0.10702590056564454,False,False,0.0,0.0,0
1572545.0,0.2150937779100923,False,False,0.0,0.0,0
483796.0,0.947305745757666,True,False,3.415733687674525,0.06460256028579935,1
32994.0,0.09303364096457278,False,False,0.0,0.0,0
1605.0,0.9998511461744567,True,True,1.9510922627707237,0.09660613277761239,2
1530904.0,0.0561178922298303,False,False,0.0,0.0,0
1604303.0,0.004019053289669544,False,False,0.0,0.0,0
1553020.0,0.0005954153021732659,False,False,0.0,0.0,0
171.0,0.5690681750520988,False,False,0.0,0.0,0
1510226.0,0.002977076510866329,False,False,0.0,0.0,0
1796080.0,0.011908306043465317,False,False,0.0,0.0,0
1707263.0,0.0126525751711819,False,False,0.0,0.0,0
272968.0,0.11908306043465317,False,False,0.0,0.0,0
39997.0,0.12518606728192916,False,False,0.0,0.0,0
19288.0,0.03200357249181304,False,False,0.0,0.0,0
715837.0,0.19291455790413814,False,False,0.0,0.0,0
216556.0,0.01801131289074129,False,False,0.0,0.0,0
1806990.0,0.00922893718368562,False,False,0.0,0.0,0
1610593.0,0.8070854420958619,False,False,0.0,0.0,0
32493.0,0.17683834474545995,False,False,0.0,0.0,0
1793652.0,0.010717475439118785,False,False,0.0,0.0,0
656543.0,0.14275081869604048,False,False,0.0,0.0,0
7516.0,0.17341470675796367,False,False,0.0,0.0,0
1804707.0,0.011610598392378685,False,False,0.0,0.0,0
808002.0,0.03378981839833284,False,False,0.0,0.0,0
838232.0,0.045102709139624886,False,False,0.0,0.0,0
770926.0,0.3977374218517416,False,False,0.0,0.0,0
520007.0,0.0461446859184281,False,False,0.0,0.0,0
1647111.0,0.03423637987496279,False,False,0.0,0.0,0
1799290.0,0.013545698124441799,False,False,0.0,0.0,0
6794.0,0.9072640666865138,False,False,0.6401703392595598,0.0,0
1769113.0,0.011312890741292051,False,False,0.0,0.0,0
1753002.0,0.010568621613575468,False,False,0.0,0.0,0
1772684.0,0.010270913962488836,False,False,0.0,0.0,0
1788708.0,0.011610598392378685,False,False,0.0,0.0,0
272278.0,0.5092289371836857,False,False,0.0,0.0,0
370378.0,0.11818993748139327,False,False,0.0,0.0,0
1810540.0,0.010419767788032152,False,False,0.0,0.0,0
782610.0,0.11729681452813337,False,False,0.0,0.0,0
674306.0,0.11640369157487347,False,False,0.0,0.0,0
556273.0,0.10330455492706163,False,False,0.0,0.0,0
56502.0,0.19306341172968144,False,False,0.0,0.0,0
466805.0,0.17609407561774337,False,False,0.0,0.0,0
565727.0,0.9918130395951176,True,True,2.996093485140091,0.282226853230128,3
1552279.0,0.0008931229532598987,False,False,0.0,0.0,0
1629734.0,0.22670437630247098,False,False,0.0,0.0,0
1614747.0,0.041530217326585295,False,False,0.0,0.0,0
1513927.0,0.0007442691277165823,False,False,0.0,0.0,0
547843.0,0.2670437630247097,False,False,0.0,0.0,0
1729328.0,0.010568621613575468,False,False,0.0,0.0,0
519904.0,0.1545102709139625,False,False,0.0,0.0,0
702295.0,0.11506400714498363,False,False,0.0,0.0,0
1771837.0,0.008633521881512354,False,False,0.0,0.0,0
741902.0,0.08157189639773742,False,False,0.0,0.0,0
1654964.0,0.006698422149449241,False,False,0.0,0.0,0
292756.0,0.22298303066388805,False,False,0.0,0.0,0
840480.0,0.06787734444775231,False,False,0.0,0.0,0
189981.0,0.953408752604942,True,True,2.213560933133409,0.3253944626376898,6
8989.0,0.9471568919321226,True,False,1.364885869212751,0.041530217326585295,2
1781893.0,0.011759452217922,False,False,0.0,0.0,0
1792615.0,0.011164036915748734,False,False,0.0,0.0,0
754486.0,0.07457576659720155,False,False,0.0,0.0,0
1812006.0,0.009526644834772254,False,False,0.0,0.0,0
342339.0,0.1592735933313486,False,False,0.0,0.0,0
3271.0,0.9988091693956535,True,True,0.6533034867253006,0.004763322417386127,1
659213.0,0.9763322417386127,True,False,1.6036759569423538,0.011461744566835368,1
706508.0,0.18487645132479905,False,False,0.0,0.0,0
1795224.0,0.010568621613575468,False,False,0.0,0.0,0
1758858.0,0.010419767788032152,False,False,0.0,0.0,0
502760.0,0.11149151533194403,False,False,0.0,0.0,0
590875.0,0.0596903840428699,False,False,0.0,0.0,0
1786188.0,0.011461744566835368,False,False,0.0,0.0,0
50685.0,0.07695742780589461,False,False,0.0,0.0,0
849128.0,0.22551354569812443,False,False,0.0,0.0,0
811972.0,0.12593033640964574,False,False,0.0,0.0,0
1774007.0,0.009080083358142305,False,False,0.0,0.0,0
54220.0,0.09481988687109259,False,False,0.0,0.0,0
1777285.0,0.008931229532598988,False,False,0.0,0.0,0
1784351.0,0.01012206013694552,False,False,0.0,0.0,0
665198.0,0.1655254540041679,False,False,0.0,0.0,0
756917.0,0.13501041976778802,False,False,0.0,0.0,0
132509.0,0.9602560285799345,True,True,2.9490749884694676,0.1752009526644835,4
2008461.0,0.46591247395058055,False,False,0.0,0.0,0
136502.0,0.10330455492706163,False,False,0.0,0.0,0
60027.0,0.9620422744864543,True,False,3.0043642541475752,0.10821673116999107,2
191587.0,0.9964275081869604,False,False,0.6767721742674107,0.0,0
494176.0,0.0922893718368562,False,False,0.0,0.0,0
101925.0,0.0805299196189342,False,False,0.0,0.0,0
1563916.0,0.17936885977969633,False,False,0.0,0.0,0
1625739.0,0.00029770765108663293,False,False,0.0,0.0,0
137804.0,0.07115212860970527,False,False,0.0,0.0,0
1837076.0,0.010866329264662102,False,False,0.0,0.0,0
1630552.0,0.010419767788032152,False,False,0.0,0.0,0
795876.0,0.02828222685323013,False,False,0.0,0.0,0
807503.0,0.09973206311402202,False,False,0.0,0.0,0
232476.0,0.23340279845192022,False,False,0.0,0.0,0
1591596.0,0.27895206906817505,False,False,0.0,0.0,0
802404.0,0.14155998809169396,False,False,0.0,0.0,0
1797896.0,0.010270913962488836,False,False,0.0,0.0,0
378191.0,0.15852932420363203,False,False,0.0,0.0,0
1786924.0,0.009526644834772254,False,False,0.0,0.0,0
1737488.0,0.010270913962488836,False,False,0.0,0.0,0
1786055.0,0.010419767788032152,False,False,0.0,0.0,0
745464.0,0.0028282226853230128,False,False,0.0,0.0,0
1545824.0,0.00044656147662994937,False,False,0.0,0.0,0
1554.0,0.16225066984221495,False,False,0.0,0.0,0
321100.0,0.9513247990473355,False,False,0.6891074010456538,0.0,0
1776052.0,0.010717475439118785,False,False,0.0,0.0,0
1807194.0,0.010717475439118785,False,False,0.0,0.0,0
1804797.0,0.011015183090205419,False,False,0.0,0.0,0
1801119.0,0.011908306043465317,False,False,0.0,0.0,0
1520617.0,0.01220601369455195,False,False,0.0,0.0,0
738315.0,0.13888061923191425,False,False,0.0,0.0,0
485327.0,0.0949687406966359,False,False,0.0,0.0,0
120528.0,0.2521583804703781,False,False,0.0,0.0,0
156921.0,0.5602857993450432,False,False,0.0,0.0,0
1785440.0,0.009526644834772254,False,False,0.0,0.0,0
837876.0,0.10657933908901458,False,False,0.0,0.0,0
275602.0,0.11908306043465317,False,False,0.0,0.0,0
1578084.0,0.0020839535576064306,False,False,0.0,0.0,0
381203.0,0.12161357546888955,False,False,0.0,0.0,0
215374.0,0.4365882703185472,False,False,0.0,0.0,0
33446.0,0.04331646323310509,False,False,0.0,0.0,0
442236.0,0.29874962786543613,False,False,0.0,0.0,0
1825722.0,0.6317356356058351,False,False,0.0,0.0,0
1528034.0,0.001637392080976481,False,False,0.0,0.0,0
204269.0,0.12265555224769277,False,False,0.0,0.0,0
174611.0,0.12444179815421257,False,False,0.0,0.0,0
1670492.0,0.3122953259898779,False,False,0.0,0.0,0
356244.0,0.22625781482584104,False,False,0.0,0.0,0
15907.0,0.026198273295623697,False,False,0.0,0.0,0
1368.0,0.9998511461744567,True,True,0.9951601621771937,0.0803810657933909,1
828433.0,0.012950282822268532,False,False,0.0,0.0,0
1818972.0,0.011759452217922,False,False,0.0,0.0,0
1642864.0,0.010419767788032152,False,False,0.0,0.0,0
1040.0,0.0017862459065197975,False,False,0.0,0.0,0
1806900.0,0.011312890741292051,False,False,0.0,0.0,0
414123.0,0.11164036915748735,False,False,0.0,0.0,0
293838.0,0.668353676689491,False,False,0.0,0.0,0
1815921.0,0.010568621613575468,False,False,0.0,0.0,0
479987.0,0.13873176540637094,False,False,0.0,0.0,0
652805.0,0.0008931229532598987,False,False,0.0,0.0,0
627210.0,0.07100327478416195,False,False,0.0,0.0,0
1587366.0,0.011759452217922,False,False,0.0,0.0,0
97179.0,0.8754093480202442,False,False,0.0,0.0,0
346507.0,0.05641559988091694,False,False,0.0,0.0,0
367548.0,0.10523965465912474,False,False,0.0,0.0,0
206936.0,0.04584697826734147,False,False,0.0,0.0,0
821084.0,0.21658231616552545,False,False,0.0,0.0,0
359221.0,0.08172075022328074,False,False,0.0,0.0,0
722293.0,0.07651086632926467,False,False,0.0,0.0,0
664103.0,0.23027686811551057,False,False,0.0,0.0,0
1955311.0,0.08573980351295028,False,False,0.0,0.0,0
39630.0,0.0010419767788032153,False,False,0.0,0.0,0
1696606.0,0.009526644834772254,False,False,0.0,0.0,0
599828.0,0.027984519202143496,False,False,0.0,0.0,0
1801145.0,0.012057159869008634,False,False,0.0,0.0,0
1381.0,0.994343554629354,False,False,0.4641586067208961,0.0,0
41990.0,0.9924084548972909,True,True,2.543547040061922,0.11461744566835368,3
536473.0,0.011015183090205419,False,False,0.0,0.0,0
60447.0,0.01696933611193808,False,False,0.0,0.0,0
318162.0,0.14319738017267045,False,False,0.0,0.0,0
724720.0,0.0037213456385829114,False,False,0.0,0.0,0
678031.0,0.10732360821673118,False,False,0.0,0.0,0
327367.0,0.16329264662101817,False,False,0.0,0.0,0
1673512.0,0.008038106579339089,False,False,0.0,0.0,0
732496.0,0.12727002083953556,False,False,0.0,0.0,0
565363.0,0.19202143495087823,False,False,0.0,0.0,0
307400.0,0.5942244715689193,False,False,0.0,0.0,0
251908.0,0.1003274784161953,False,False,0.0,0.0,0
1890333.0,0.25885680261982735,False,False,0.0,0.0,0
330012.0,0.9301875558201845,True,False,3.275976570068696,0.09005656445370647,1
210412.0,0.9353974397142006,False,False,0.6603331687247809,0.0,0
405526.0,0.04912176242929443,False,False,0.0,0.0,0
1774073.0,0.008633521881512354,False,False,0.0,0.0,0
411372.0,0.0596903840428699,False,False,0.0,0.0,0
1605613.0,0.009824352485858886,False,False,0.0,0.0,0
175742.0,0.8907412920512057,False,False,0.0,0.0,0
1644966.0,0.012354867520095266,False,False,0.0,0.0,0
139177.0,0.14409050312593033,False,False,0.0,0.0,0
529692.0,0.0958618636498958,False,False,0.0,0.0,0
97001.0,0.04212563262875856,False,False,0.0,0.0,0
617662.0,0.9977671926168502,True,True,3.3352322573485456,0.35561178922298303,3
229163.0,0.002232807383149747,False,False,0.0,0.0,0
695822.0,0.06043465317058649,False,False,0.0,0.0,0
118.0,0.9980649002679369,True,False,0.859502232766611,0.011164036915748734,1
704060.0,0.03989282524560881,False,False,0.0,0.0,0
1785183.0,0.010717475439118785,False,False,0.0,0.0,0
450529.0,0.15302173265852934,False,False,0.0,0.0,0
1589081.0,0.012057159869008634,False,False,0.0,0.0,0
1656905.0,0.011312890741292051,False,False,0.0,0.0,0
1772078.0,0.008633521881512354,False,False,0.0,0.0,0
758759.0,0.14394164930038703,False,False,0.0,0.0,0
695.0,0.0244120273891039,False,False,0.0,0.0,0
1810816.0,0.010568621613575468,False,False,0.0,0.0,0
423896.0,0.13813635010419767,False,False,0.0,0.0,0
311610.0,0.13322417386126822,False,False,0.0,0.0,0
1750983.0,0.010568621613575468,False,False,0.0,0.0,0
1804627.0,0.009080083358142305,False,False,0.0,0.0,0
608891.0,0.03230128014289967,False,False,0.0,0.0,0
1680797.0,0.011610598392378685,False,False,0.0,0.0,0
1641193.0,0.011164036915748734,False,False,0.0,0.0,0
1524388.0,0.20392974099434355,False,False,0.0,0.0,0
696037.0,0.05090800833581423,False,False,0.0,0.0,0
1508996.0,0.04257219410538851,False,False,0.0,0.0,0
117343.0,0.1890443584400119,False,False,0.0,0.0,0
1625190.0,0.0007442691277165823,False,False,0.0,0.0,0
121596.0,0.9997022923489134,True,True,1.3335721545588828,0.07919023518904436,3
1553.0,0.9998511461744567,True,False,1.9944580395489069,0.03125930336409646,1
1563719.0,0.20809764810955642,False,False,0.0,0.0,0
1672430.0,0.4648704971717773,False,False,0.0,0.0,0
103.0,0.9998511461744567,True,False,0.7106535802810291,0.020392974099434354,2
11.0,0.9998511461744567,False,False,1.5679797625404244,0.0,0
1610935.0,0.00029770765108663293,False,False,0.0,0.0,0
509608.0,0.030217326585293244,False,False,0.0,0.0,0
1812226.0,0.009973206311402203,False,False,0.0,0.0,0
386389.0,0.17460553736231021,False,False,0.0,0.0,0
590796.0,0.18770467401012206,False,False,0.0,0.0,0
195100.0,0.9953855314081572,True,True,2.1255578701075626,0.17252158380470378,6
1675171.0,0.008633521881512354,False,False,0.0,0.0,0
1489157.0,0.01935099732063114,False,False,0.0,0.0,0
790785.0,0.025007442691277165,False,False,0.0,0.0,0
619076.0,0.5232211967847573,False,False,0.0,0.0,0
1726261.0,0.010717475439118785,False,False,0.0,0.0,0
168060.0,0.17296814528133372,False,False,0.0,0.0,0
130940.0,0.9976183387913069,True,False,2.5511726669006216,0.061327776123846385,2
1644164.0,0.017118189937481394,False,False,0.0,0.0,0
1629858.0,0.0008931229532598987,False,False,0.0,0.0,0
710570.0,0.743673712414409,False,False,0.0,0.0,0
1800201.0,0.01012206013694552,False,False,0.0,0.0,0
1779253.0,0.010419767788032152,False,False,0.0,0.0,0
1963127.0,0.5489729086037511,False,False,0.0,0.0,0
632437.0,0.5845489729086037,False,False,0.0,0.0,0
587344.0,0.04688895504614469,False,False,0.0,0.0,0
1488443.0,0.02396546591247395,False,False,0.0,0.0,0
716292.0,0.1555522476927657,False,False,0.0,0.0,0
10374.0,0.9099434355462935,True,True,0.8205013358775779,0.00253051503423638,1
748237.0,0.12220899077106281,False,False,0.0,0.0,0
10125.0,0.991515331944031,True,False,1.9771865643596218,0.034980649002679366,1
363446.0,0.9839237868413219,False,False,0.6916578360829172,0.0,0
212646.0,0.12280440607323609,False,False,0.0,0.0,0
1804743.0,0.010568621613575468,False,False,0.0,0.0,0
498991.0,0.12994938969931527,False,False,0.0,0.0,0
25910.0,0.25736826436439414,False,False,0.0,0.0,0
68512.0,0.06668651384340578,False,False,0.0,0.0,0
316980.0,0.028877642155403394,False,False,0.0,0.0,0
617379.0,0.7636201250372134,False,False,0.0,0.0,0
1573838.0,0.19365882703185472,False,False,0.0,0.0,0
1606746.0,0.27195593926763917,False,False,0.0,0.0,0
382625.0,0.05805299196189342,False,False,0.0,0.0,0
398874.0,0.0787436737124144,False,False,0.0,0.0,0
1885471.0,0.04688895504614469,False,False,0.0,0.0,0
1709568.0,0.009080083358142305,False,False,0.0,0.0,0
76409.0,0.010568621613575468,False,False,0.0,0.0,0
1806139.0,0.009377791009228937,False,False,0.0,0.0,0
32444.0,0.3752604941947008,False,False,0.0,0.0,0
1780314.0,0.009377791009228937,False,False,0.0,0.0,0
1732661.0,0.011015183090205419,False,False,0.0,0.0,0
1794870.0,0.00714498362607919,False,False,0.0,0.0,0
723827.0,0.1927657040785948,False,False,0.0,0.0,0
143746.0,0.6839833283715392,False,False,0.0,0.0,0
1777860.0,0.010419767788032152,False,False,0.0,0.0,0
740343.0,0.0849955343852337,False,False,0.0,0.0,0
1772016.0,0.008633521881512354,False,False,0.0,0.0,0
669244.0,0.03751116403691575,False,False,0.0,0.0,0
29194.0,0.4553438523370051,False,False,0.0,0.0,0
797312.0,0.6428996725215838,False,False,0.0,0.0,0
105987.0,0.038255433164632334,False,False,0.0,0.0,0
1754276.0,0.012057159869008634,False,False,0.0,0.0,0
91097.0,0.19484965763620124,False,False,0.0,0.0,0
612051.0,0.8889550461446859,False,False,0.0,0.0,0
377013.0,0.13426615064007144,False,False,0.0,0.0,0
184652.0,0.06326287585590949,False,False,0.0,0.0,0
624588.0,0.0379577255135457,False,False,0.0,0.0,0
429754.0,0.051503423637987496,False,False,0.0,0.0,0
487655.0,0.46308425126525754,False,False,0.0,0.0,0
273586.0,0.15242631735635606,False,False,0.0,0.0,0
1517683.0,0.00044656147662994937,False,False,0.0,0.0,0
350593.0,0.11833879130693659,False,False,0.0,0.0,0
1512545.0,0.00848466805596904,False,False,0.0,0.0,0
657258.0,0.11908306043465317,False,False,0.0,0.0,0
75195.0,0.9502828222685323,True,True,1.1766674745540848,0.0668353676689491,2
254743.0,0.14334623399821375,False,False,0.0,0.0,0
230535.0,0.9604048824054778,False,False,0.5059158424169624,0.0,0
1516753.0,0.0008931229532598987,False,False,0.0,0.0,0
52940.0,0.22700208395355762,False,False,0.0,0.0,0
12926.0,0.650044656147663,False,False,0.0,0.0,0
133643.0,0.06847275974992557,False,False,0.0,0.0,0
471658.0,0.5053587377195594,False,False,0.0,0.0,0
65072.0,0.814676987198571,False,False,0.0,0.0,0
1756668.0,0.009526644834772254,False,False,0.0,0.0,0
142212.0,0.4331646323310509,False,False,0.0,0.0,0
2022235.0,0.3111044953855314,False,False,0.0,0.0,0
450900.0,0.48303066388806193,False,False,0.0,0.0,0
1792677.0,0.010270913962488836,False,False,0.0,0.0,0
773216.0,0.04912176242929443,False,False,0.0,0.0,0
1706143.0,0.011164036915748734,False,False,0.0,0.0,0
1595118.0,0.023816612086930634,False,False,0.0,0.0,0
1845.0,0.49538553140815716,False,False,0.0,0.0,0
1790190.0,0.011015183090205419,False,False,0.0,0.0,0
182151.0,0.9391187853527836,False,False,0.5068079649279926,0.0,0
1732844.0,0.010717475439118785,False,False,0.0,0.0,0
423393.0,0.04688895504614469,False,False,0.0,0.0,0
379493.0,0.9995534385233701,False,False,0.8613967351330486,0.0,0
271079.0,0.35739803512950286,False,False,0.0,0.0,0
1532026.0,0.2639178326883001,False,False,0.0,0.0,0
1743984.0,0.011610598392378685,False,False,0.0,0.0,0
1806142.0,0.008633521881512354,False,False,0.0,0.0,0
1568632.0,0.0014885382554331646,False,False,0.0,0.0,0
537892.0,0.0007442691277165823,False,False,0.0,0.0,0
182510.0,0.022179220005954153,False,False,0.0,0.0,0
1571584.0,0.01012206013694552,False,False,0.0,0.0,0
1537106.0,0.015480797856504911,False,False,0.0,0.0,0
74727.0,0.9714200654956833,True,True,3.4059473146548895,0.2421851741589759,5
1551785.0,0.0008931229532598987,False,False,0.0,0.0,0
1608066.0,0.0005954153021732659,False,False,0.0,0.0,0
753178.0,0.05135456981244418,False,False,0.0,0.0,0
528176.0,0.12235784459660613,False,False,0.0,0.0,0
1630055.0,0.010270913962488836,False,False,0.0,0.0,0
811185.0,0.9729086037511164,True,False,2.416563370554709,0.10970526942542423,3
270281.0,0.05626674605537362,False,False,0.0,0.0,0
476751.0,0.8751116403691575,False,False,0.0,0.0,0
162142.0,0.15019350997320632,False,False,0.0,0.0,0
658688.0,0.05671330753200357,False,False,0.0,0.0,0
1579517.0,0.009973206311402203,False,False,0.0,0.0,0
151737.0,0.8882107770169694,False,False,0.0,0.0,0
360850.0,0.9604048824054778,True,True,3.0319362373091776,0.26183387913069367,7
149504.0,0.9495385531408157,True,True,3.3520243955119624,0.06817505209883894,3
336915.0,0.10866329264662102,False,False,0.0,0.0,0
433920.0,0.9160464423935695,True,True,2.4050979703002993,0.10717475439118786,2
1592521.0,0.010270913962488836,False,False,0.0,0.0,0
328511.0,0.016225066984221496,False,False,0.0,0.0,0
290222.0,0.9988091693956535,False,False,1.2254358377499286,0.0,0
1793649.0,0.009973206311402203,False,False,0.0,0.0,0
633752.0,0.030663888061923193,False,False,0.0,0.0,0
1771035.0,0.009080083358142305,False,False,0.0,0.0,0
135165.0,0.10151830902054183,False,False,0.0,0.0,0
147238.0,0.4084548972908604,False,False,0.0,0.0,0
1781410.0,0.011759452217922,False,False,0.0,0.0,0
499088.0,0.12325096754986603,False,False,0.0,0.0,0
1783487.0,0.00922893718368562,False,False,0.0,0.0,0
42844.0,0.2567728490622209,False,False,0.0,0.0,0
607197.0,0.208841917237273,False,False,0.0,0.0,0
195801.0,0.09467103304554927,False,False,0.0,0.0,0
7782.0,0.05939267639178327,False,False,0.0,0.0,0
491563.0,0.052396546591247393,False,False,0.0,0.0,0
328914.0,0.44403096159571304,False,False,0.0,0.0,0
747475.0,0.007740398928252456,False,False,0.0,0.0,0
1538089.0,0.20333432569217028,False,False,0.0,0.0,0
508170.0,0.1545102709139625,False,False,0.0,0.0,0
44252.0,0.9995534385233701,True,True,1.305392591123976,0.00922893718368562,1
828022.0,0.04346531705864841,False,False,0.0,0.0,0
134220.0,0.17326585293242036,False,False,0.0,0.0,0
486691.0,0.34474545995832095,False,False,0.0,0.0,0
343418.0,0.1122357844596606,False,False,0.0,0.0,0
508180.0,0.013396844298898482,False,False,0.0,0.0,0
1566851.0,0.00461446859184281,False,False,0.0,0.0,0
384175.0,0.2150937779100923,False,False,0.0,0.0,0
851368.0,0.020988389401607622,False,False,0.0,0.0,0
189220.0,0.08172075022328074,False,False,0.0,0.0,0
76595.0,0.048079785650491216,False,False,0.0,0.0,0
144700.0,0.07130098243524859,False,False,0.0,0.0,0
266980.0,0.5192021434950879,False,False,0.0,0.0,0
619502.0,0.00044656147662994937,False,False,0.0,0.0,0
769752.0,0.10285799345043167,False,False,0.0,0.0,0
10809.0,0.08380470378088717,False,False,0.0,0.0,0
100610.0,0.9964275081869604,False,False,0.8061279517695065,0.0,0
1781759.0,0.00922893718368562,False,False,0.0,0.0,0
1591154.0,0.010419767788032152,False,False,0.0,0.0,0
10729.0,0.9994045846978268,True,False,2.292971969380362,0.04093480202441203,1
477964.0,0.0007442691277165823,False,False,0.0,0.0,0
173223.0,0.07293837451622506,False,False,0.0,0.0,0
1757983.0,0.013099136647811848,False,False,0.0,0.0,0
194871.0,0.4556415599880917,False,False,0.0,0.0,0
299906.0,0.09184281036022626,False,False,0.0,0.0,0
319600.0,0.10717475439118786,False,False,0.0,0.0,0
625121.0,0.1762429294432867,False,False,0.0,0.0,0
1802574.0,0.009824352485858886,False,False,0.0,0.0,0
1541134.0,0.007740398928252456,False,False,0.0,0.0,0
80219.0,0.011164036915748734,False,False,0.0,0.0,0
300547.0,0.994343554629354,True,True,2.965271896282149,0.18383447454599583,3
217759.0,0.3274784161952962,False,False,0.0,0.0,0
10256.0,0.9998511461744567,True,True,0.9549775138317209,0.014587674903245014,2
652085.0,0.0037213456385829114,False,False,0.0,0.0,0
10197.0,0.9998511461744567,False,False,0.9507718574955585,0.0,0
39965.0,0.4489431378386424,False,False,0.0,0.0,0
362327.0,0.15808276272700209,False,False,0.0,0.0,0
1527342.0,0.0244120273891039,False,False,0.0,0.0,0
553079.0,0.003274784161952962,False,False,0.0,0.0,0
608968.0,0.0005954153021732659,False,False,0.0,0.0,0
1639733.0,0.012801428996725216,False,False,0.0,0.0,0
1801118.0,0.009824352485858886,False,False,0.0,0.0,0
791820.0,0.0010419767788032153,False,False,0.0,0.0,0
479898.0,0.09601071747543911,False,False,0.0,0.0,0
1777820.0,0.010866329264662102,False,False,0.0,0.0,0
606017.0,0.3663292646621018,False,False,0.0,0.0,0
1786008.0,0.010270913962488836,False,False,0.0,0.0,0
342342.0,0.0939267639178327,False,False,0.0,0.0,0
1772738.0,0.010866329264662102,False,False,0.0,0.0,0
1798881.0,0.009377791009228937,False,False,0.0,0.0,0
286145.0,0.001935099732063114,False,False,0.0,0.0,0
256808.0,0.0867817802917535,False,False,0.0,0.0,0
1631778.0,0.008038106579339089,False,False,0.0,0.0,0
1780861.0,0.00848466805596904,False,False,0.0,0.0,0
134267.0,0.04242334027984519,False,False,0.0,0.0,0
14471.0,0.0596903840428699,False,False,0.0,0.0,0
1798464.0,0.011312890741292051,False,False,0.0,0.0,0
1492124.0,0.10419767788032153,False,False,0.0,0.0,0
1784961.0,0.010866329264662102,False,False,0.0,0.0,0
1554168.0,0.020392974099434354,False,False,0.0,0.0,0
171452.0,0.9988091693956535,True,True,0.7736097145388039,0.0037213456385829114,1
1756032.0,0.008335814230425722,False,False,0.0,0.0,0
1540670.0,0.011461744566835368,False,False,0.0,0.0,0
1749753.0,0.011164036915748734,False,False,0.0,0.0,0
1780960.0,0.01012206013694552,False,False,0.0,0.0,0
1610834.0,0.009080083358142305,False,False,0.0,0.0,0
1753175.0,0.008782375707055671,False,False,0.0,0.0,0
73422.0,0.9889848169097946,False,False,0.5881012551211362,0.0,0
44922.0,0.9998511461744567,False,False,0.5555815455090924,0.0,0
50506.0,0.2895206906817505,False,False,0.0,0.0,0
802368.0,0.05805299196189342,False,False,0.0,0.0,0
1783666.0,0.011759452217922,False,False,0.0,0.0,0
151800.0,0.19857100327478416,False,False,0.0,0.0,0
542865.0,0.28148258410241145,False,False,0.0,0.0,0
473818.0,0.9864543018755582,False,False,0.4506764198415629,0.0,0
1650640.0,0.011610598392378685,False,False,0.0,0.0,0
1674307.0,0.011461744566835368,False,False,0.0,0.0,0
237694.0,0.07398035129502828,False,False,0.0,0.0,0
327749.0,0.31036022625781484,False,False,0.0,0.0,0
1683043.0,0.10866329264662102,False,False,0.0,0.0,0
1803510.0,0.013247990473355165,False,False,0.0,0.0,0
170329.0,0.27880321524263174,False,False,0.0,0.0,0
1604386.0,0.04316760940756177,False,False,0.0,0.0,0
1776695.0,0.010866329264662102,False,False,0.0,0.0,0
629496.0,0.13932718070854422,False,False,0.0,0.0,0
252563.0,0.011908306043465317,False,False,0.0,0.0,0
338309.0,0.9480500148853825,False,False,0.9378704869859738,0.0,0
612150.0,0.9605537362310211,True,True,3.1519549031497847,0.2956236975290265,5
230257.0,0.38761536171479605,False,False,0.0,0.0,0
1799598.0,0.009080083358142305,False,False,0.0,0.0,0
828566.0,0.0561178922298303,False,False,0.0,0.0,0
767038.0,0.10717475439118786,False,False,0.0,0.0,0
1801944.0,0.008931229532598988,False,False,0.0,0.0,0
1567704.0,0.014438821077701697,False,False,0.0,0.0,0
845553.0,0.08425126525751712,False,False,0.0,0.0,0
1651121.0,0.007889252753795772,False,False,0.0,0.0,0
1808419.0,0.008931229532598988,False,False,0.0,0.0,0
1775702.0,0.013992259601071748,False,False,0.0,0.0,0
766771.0,0.13486156594224472,False,False,0.0,0.0,0
457784.0,0.02470973504019053,False,False,0.0,0.0,0
1772718.0,0.01012206013694552,False,False,0.0,0.0,0
1656.0,0.9203632033343256,True,True,1.5448139999685915,0.07606430485263471,3
302806.0,0.20303661804108367,False,False,0.0,0.0,0
511124.0,0.8745162250669842,False,False,0.0,0.0,0
1804703.0,0.009377791009228937,False,False,0.0,0.0,0
18683.0,0.9986603155701101,True,False,2.9580585208262216,0.3524858588865734,2
1806425.0,0.00848466805596904,False,False,0.0,0.0,0
1765863.0,0.010866329264662102,False,False,0.0,0.0,0
1775317.0,0.009080083358142305,False,False,0.0,0.0,0
1804233.0,0.010866329264662102,False,False,0.0,0.0,0
789372.0,0.12072045251562966,False,False,0.0,0.0,0
170487.0,0.9873474248288181,True,False,0.8512314092652549,0.025751711818993748,1
1586996.0,0.009377791009228937,False,False,0.0,0.0,0
1588780.0,0.030068472759749925,False,False,0.0,0.0,0
1559006.0,0.0005954153021732659,False,False,0.0,0.0,0
1801124.0,0.012354867520095266,False,False,0.0,0.0,0
1602557.0,0.026793688597796964,False,False,0.0,0.0,0
377112.0,0.2188151235486752,False,False,0.0,0.0,0
165547.0,0.037660017862459066,False,False,0.0,0.0,0
773340.0,0.20125037213456387,False,False,0.0,0.0,0
76020.0,0.05016373920809765,False,False,0.0,0.0,0
1640670.0,0.010419767788032152,False,False,0.0,0.0,0
279680.0,0.2168800238166121,False,False,0.0,0.0,0
294201.0,0.1364989580232212,False,False,0.0,0.0,0
470862.0,0.8981839833283716,False,False,0.0,0.0,0
1739300.0,0.010419767788032152,False,False,0.0,0.0,0
274101.0,0.0741292051205716,False,False,0.0,0.0,0
781973.0,0.740845489729086,False,False,0.0,0.0,0
1676343.0,0.011015183090205419,False,False,0.0,0.0,0
1609878.0,0.0011908306043465317,False,False,0.0,0.0,0
406306.0,0.9629353974397142,True,True,3.2023956081723686,0.17162846085144387,6
1750445.0,0.0013396844298898482,False,False,0.0,0.0,0
5101.0,0.2892229830306639,False,False,0.0,0.0,0
625568.0,0.0011908306043465317,False,False,0.0,0.0,0
1541414.0,0.019053289669544508,False,False,0.0,0.0,0
385558.0,0.21494492408454896,False,False,0.0,0.0,0
1788919.0,0.009080083358142305,False,False,0.0,0.0,0
1769475.0,0.013992259601071748,False,False,0.0,0.0,0
725441.0,0.16626972313188448,False,False,0.0,0.0,0
454454.0,0.10226257814825841,False,False,0.0,0.0,0
467834.0,0.011312890741292051,False,False,0.0,0.0,0
615532.0,0.1303959511759452,False,False,0.0,0.0,0
777492.0,0.2837153914855612,False,False,0.0,0.0,0
1370.0,0.9998511461744567,False,False,0.9958780346612213,0.0,0
228606.0,0.0014885382554331646,False,False,0.0,0.0,0
1781293.0,0.009080083358142305,False,False,0.0,0.0,0
355960.0,0.011759452217922,False,False,0.0,0.0,0
550700.0,0.11015183090205419,False,False,0.0,0.0,0
839542.0,0.2768681155105686,False,False,0.0,0.0,0
1599657.0,0.00044656147662994937,False,False,0.0,0.0,0
1805186.0,0.012354867520095266,False,False,0.0,0.0,0
1748994.0,0.00967549866031557,False,False,0.0,0.0,0
122.0,0.9998511461744567,True,True,0.6817248035653732,0.019946412622804405,1
291833.0,0.31705864840726405,False,False,0.0,0.0,0
704540.0,0.09214051801131289,False,False,0.0,0.0,0
14458.0,0.1772849062220899,False,False,0.0,0.0,0
1800585.0,0.010568621613575468,False,False,0.0,0.0,0
2011839.0,0.01682048228639476,False,False,0.0,0.0,0
10196.0,0.8273295623697529,False,False,0.0,0.0,0
834812.0,0.00461446859184281,False,False,0.0,0.0,0
29646.0,0.29413515927359335,False,False,0.0,0.0,0
358041.0,0.021732658529324204,False,False,0.0,0.0,0
34834.0,0.07219410538850848,False,False,0.0,0.0,0
378824.0,0.16835367668949092,False,False,0.0,0.0,0
127696.0,0.17162846085144387,False,False,0.0,0.0,0
217937.0,0.13724322715093779,False,False,0.0,0.0,0
1710206.0,0.008782375707055671,False,False,0.0,0.0,0
287377.0,0.0023816612086930635,False,False,0.0,0.0,0
192266.0,0.7176242929443287,False,False,0.0,0.0,0
1623903.0,0.00922893718368562,False,False,0.0,0.0,0
603147.0,0.10479309318249479,False,False,0.0,0.0,0
67484.0,0.9846680559690384,True,False,1.5747931365587566,0.07293837451622506,1
502550.0,0.0461446859184281,False,False,0.0,0.0,0
1803635.0,0.011312890741292051,False,False,0.0,0.0,0
369939.0,0.13605239654659124,False,False,0.0,0.0,0
697168.0,0.0976481095564156,False,False,0.0,0.0,0
566752.0,0.2387615361714796,False,False,0.0,0.0,0
1774387.0,0.011908306043465317,False,False,0.0,0.0,0
1624160.0,0.5858886573384936,False,False,0.0,0.0,0
666015.0,0.09973206311402202,False,False,0.0,0.0,0
227025.0,0.08201845787436737,False,False,0.0,0.0,0
1367.0,0.9998511461744567,True,True,1.8615400065831178,0.051205715986900865,2
1710697.0,0.00922893718368562,False,False,0.0,0.0,0
585393.0,0.19991068770467402,False,False,0.0,0.0,0
96345.0,0.1364989580232212,False,False,0.0,0.0,0
666113.0,0.01428996725215838,False,False,0.0,0.0,0
388174.0,0.13247990473355165,False,False,0.0,0.0,0
667444.0,0.12652575171181898,False,False,0.0,0.0,0
1811876.0,0.012950282822268532,False,False,0.0,0.0,0
369428.0,0.03870199464126228,False,False,0.0,0.0,0
1800011.0,0.009973206311402203,False,False,0.0,0.0,0
347498.0,0.03914855611789223,False,False,0.0,0.0,0
1544651.0,0.546591247395058,False,False,0.0,0.0,0
319675.0,0.7856504912176243,False,False,0.0,0.0,0
524623.0,0.00029770765108663293,False,False,0.0,0.0,0
163701.0,0.13069365882703185,False,False,0.0,0.0,0
641515.0,0.067728490622209,False,False,0.0,0.0,0
682759.0,0.055373623102113724,False,False,0.0,0.0,0
18579.0,0.12429294432866925,False,False,0.0,0.0,0
813814.0,0.4502828222685323,False,False,0.0,0.0,0
1865632.0,0.45698124441798155,False,False,0.0,0.0,0
636853.0,0.09288478713902948,False,False,0.0,0.0,0
453366.0,0.11446859184281036,False,False,0.0,0.0,0
1811353.0,0.010270913962488836,False,False,0.0,0.0,0
609094.0,0.10881214647216433,False,False,0.0,0.0,0
1681669.0,0.01012206013694552,False,False,0.0,0.0,0
220165.0,0.002977076510866329,False,False,0.0,0.0,0
1762176.0,0.009824352485858886,False,False,0.0,0.0,0
1582851.0,0.26272700208395355,False,False,0.0,0.0,0
63945.0,0.7371241440905031,False,False,0.0,0.0,0
847240.0,0.05284310806787734,False,False,0.0,0.0,0
355332.0,0.282226853230128,False,False,0.0,0.0,0
18264.0,0.10866329264662102,False,False,0.0,0.0,0
210123.0,0.15123548675200954,False,False,0.0,0.0,0
1812223.0,0.00922893718368562,False,False,0.0,0.0,0
10703.0,0.30991366478118487,False,False,0.0,0.0,0
751896.0,0.0011908306043465317,False,False,0.0,0.0,0
514728.0,0.24903245013396844,False,False,0.0,0.0,0
1629393.0,0.1446859184281036,False,False,0.0,0.0,0
753601.0,0.18562072045251563,False,False,0.0,0.0,0
512788.0,0.9679964275081869,True,True,2.283697077129644,0.12176242929443287,5
787562.0,0.39997022923489134,False,False,0.0,0.0,0
1593709.0,0.009824352485858886,False,False,0.0,0.0,0
1799087.0,0.011461744566835368,False,False,0.0,0.0,0
851199.0,0.0007442691277165823,False,False,0.0,0.0,0
1925686.0,0.05031259303364097,False,False,0.0,0.0,0
1548362.0,0.004465614766299494,False,False,0.0,0.0,0
334600.0,0.21747543911878536,False,False,0.0,0.0,0
101.0,0.20333432569217028,False,False,0.0,0.0,0
228029.0,0.11193807680857398,False,False,0.0,0.0,0
6184.0,0.013396844298898482,False,False,0.0,0.0,0
210628.0,0.11804108365584995,False,False,0.0,0.0,0
1805148.0,0.010568621613575468,False,False,0.0,0.0,0
1843143.0,0.12072045251562966,False,False,0.0,0.0,0
537784.0,0.05641559988091694,False,False,0.0,0.0,0
190755.0,0.09571300982435249,False,False,0.0,0.0,0
446563.0,0.08901458767490325,False,False,0.0,0.0,0
1730925.0,0.009973206311402203,False,False,0.0,0.0,0
1776703.0,0.010866329264662102,False,False,0.0,0.0,0
175953.0,0.3440011908306043,False,False,0.0,0.0,0
488414.0,0.39356951473652874,False,False,0.0,0.0,0
1790878.0,0.011759452217922,False,False,0.0,0.0,0
1200.0,0.030068472759749925,False,False,0.0,0.0,0
1797502.0,0.008782375707055671,False,False,0.0,0.0,0
318186.0,0.1120869306341173,False,False,0.0,0.0,0
1498142.0,0.023518904435844,False,False,0.0,0.0,0
634367.0,0.20378088716880025,False,False,0.0,0.0,0
1594338.0,0.011015183090205419,False,False,0.0,0.0,0
1788888.0,0.011610598392378685,False,False,0.0,0.0,0
105230.0,0.11178922298303066,False,False,0.0,0.0,0
650976.0,0.11015183090205419,False,False,0.0,0.0,0
776124.0,0.034682941351592736,False,False,0.0,0.0,0
43611.0,0.9139624888359631,True,True,2.4075533640540527,0.11997618338791306,4
527202.0,0.15138434057755285,False,False,0.0,0.0,0
427500.0,0.614319738017267,False,False,0.0,0.0,0
520084.0,0.27865436141708844,False,False,0.0,0.0,0
650373.0,0.41574873474248286,False,False,0.0,0.0,0
508635.0,0.5010419767788032,False,False,0.0,0.0,0
590832.0,0.07621315867817803,False,False,0.0,0.0,0
1584685.0,0.0005954153021732659,False,False,0.0,0.0,0
