id_institution_subnet,ratio_active,strength_daily,strength_weekly,max_strength
467.0,0.9998511461744567,0.5307726693423629,0.5888842367375462,0.5888842367375462
346.0,0.9998511461744567,0.5762553895153315,0.718832410185686,0.718832410185686
432.0,0.9998511461744567,0.4667017296056696,0.4793849021675367,0.4793849021675367
259.0,0.9901756475141411,0.4529194836427336,0.44538629528091866,0.4529194836427336
311.0,0.9998511461744567,0.5919834734744109,0.6549886089713921,0.6549886089713921
506.0,0.9998511461744567,0.6469645876362151,0.7184297301137599,0.7184297301137599
230.0,0.9998511461744567,0.4120891088727193,0.389865233944897,0.4120891088727193
480.0,0.9998511461744567,0.453078355931152,0.4164249488180366,0.453078355931152
447.0,0.9998511461744567,0.5608475876119622,0.5332438825652351,0.5608475876119622
253.0,0.9997022923489134,0.7488443905273415,0.8129344271492394,0.8129344271492394
88.0,0.9998511461744567,0.5290485546463937,0.454948660694233,0.5290485546463937
127.0,0.39982137540934803,,,
66.0,0.9998511461744567,0.4187276770712405,0.3936320278227714,0.4187276770712405
180.0,0.9998511461744567,0.4356178600489634,0.45127508077390477,0.45127508077390477
347.0,0.9997022923489134,0.4778508702993237,0.474892012414066,0.4778508702993237
352.0,0.19633819589163443,,,
51.0,0.9998511461744567,0.4749565300133205,0.4268113590776883,0.4749565300133205
36.0,0.9998511461744567,0.42813206519352576,0.4429111258391467,0.4429111258391467
541.0,0.9991068770467401,0.43827709791823266,0.49912238426858346,0.49912238426858346
61.0,0.9998511461744567,0.3863533727737446,0.35952730098293895,0.3863533727737446
521.0,0.9998511461744567,0.7486202887648219,0.8085465787991813,0.8085465787991813
265.0,0.9998511461744567,0.7270344967980353,0.8037504815306693,0.8037504815306693
525.0,0.9998511461744567,0.4550217186250879,0.4302304250344058,0.4550217186250879
132.0,0.9998511461744567,0.7524186530762589,0.8358716584704531,0.8358716584704531
300.0,0.9997022923489134,0.4208601487532003,0.3967302927274532,0.4208601487532003
327.0,0.9991068770467401,0.5413971879733646,0.4908673335372472,0.5413971879733646
2.0,0.9985114617445668,0.4199269542461267,0.41690093229280434,0.4199269542461267
301.0,0.9998511461744567,0.6714830409644059,0.6545365853219883,0.6714830409644059
520.0,0.8511461744566835,0.6477406718655885,0.7443894171433743,0.7443894171433743
282.0,0.9998511461744567,0.6452417073697513,0.6234030713958159,0.6452417073697513
284.0,0.9998511461744567,0.39352495979457025,0.4054334990905085,0.4054334990905085
484.0,0.9998511461744567,0.7339487364171506,0.7284720502905343,0.7339487364171506
374.0,0.9997022923489134,0.6826003657587217,0.6921876389050063,0.6921876389050063
275.0,0.9998511461744567,0.5641239793725544,0.6028460127045733,0.6028460127045733
516.0,0.9970229234891337,0.5287519047594694,0.4929988898170812,0.5287519047594694
465.0,0.9998511461744567,0.5747905216955993,0.6098753034361666,0.6098753034361666
513.0,0.2514141113426615,,,
417.0,0.9998511461744567,0.6307752796597993,0.6309692610151821,0.6309692610151821
361.0,0.9775230723429592,0.6758834163337197,0.7129263489983975,0.7129263489983975
407.0,0.9998511461744567,0.44242276499118194,0.4447447238269103,0.4447447238269103
41.0,0.9998511461744567,0.36595147888027635,0.35919366038659584,0.36595147888027635
40.0,0.9998511461744567,0.40520915176940253,0.40781800187357986,0.40781800187357986
63.0,0.9994045846978268,0.37472431386253735,0.35728823801771104,0.37472431386253735
486.0,0.9992557308722834,0.6362045948817788,0.7241176546132531,0.7241176546132531
459.0,0.9998511461744567,0.4230503955303151,0.4237376943158394,0.4237376943158394
29.0,0.9998511461744567,0.392113921227517,0.37694647001123815,0.392113921227517
517.0,0.9995534385233701,0.6656334653238347,0.7203931485015549,0.7203931485015549
104.0,0.9998511461744567,0.3860559378485562,0.383206982042951,0.3860559378485562
485.0,0.9998511461744567,0.572353681527606,0.5792690813773519,0.5792690813773519
9.0,0.8761536171479607,0.3711857331837344,0.3391367778388521,0.3711857331837344
298.0,0.9998511461744567,0.7171254468372834,0.8050813540168648,0.8050813540168648
200.0,0.9998511461744567,0.7033069780487332,0.6650366857242449,0.7033069780487332
271.0,0.9974694849657636,0.6413875841249117,0.5825358527473601,0.6413875841249117
81.0,0.9776719261685025,0.40031306679330747,0.22531319173072883,0.40031306679330747
299.0,0.9998511461744567,0.717045862138822,0.7469431700547152,0.7469431700547152
28.0,0.9998511461744567,0.43073920123348874,0.44277242091112046,0.44277242091112046
16.0,0.9998511461744567,0.44359182488092974,0.4948262220489228,0.4948262220489228
464.0,0.9998511461744567,0.4819232595014721,0.43690624055530214,0.4819232595014721
237.0,0.9998511461744567,0.7338800770128213,0.7449521513104987,0.7449521513104987
422.0,0.9998511461744567,0.6153160118376619,0.7092799175122848,0.7092799175122848
65.0,0.9998511461744567,0.3895202135413047,0.4039085242062104,0.4039085242062104
98.0,0.94120273891039,0.3663760647852067,0.3553486285694256,0.3663760647852067
97.0,0.9970229234891337,0.3851006149665297,0.38642056506071465,0.38642056506071465
152.0,0.9998511461744567,0.641457541938907,0.7417008609958208,0.7417008609958208
546.0,0.349955343852337,,,
391.0,0.9997022923489134,0.6914580757136017,0.7529246571438288,0.7529246571438288
383.0,0.993450431676094,0.4914117479478014,0.5992944405806179,0.5992944405806179
456.0,0.9998511461744567,0.5227707275619108,0.7855000720132947,0.7855000720132947
258.0,0.9998511461744567,0.6308510018598122,0.6813500953527966,0.6813500953527966
305.0,0.7896695445072939,0.36224257041832575,0.3812039973643051,0.3812039973643051
490.0,0.9998511461744567,0.6546194151890263,0.7458860918540744,0.7458860918540744
76.0,0.6155105686216136,0.36256907597790333,0.36192969474878744,0.36256907597790333
395.0,0.9998511461744567,0.787431828425166,0.8333787412696341,0.8333787412696341
113.0,0.9998511461744567,0.39117468058471727,0.4044656461716768,0.4044656461716768
351.0,0.33566537660017864,,,
212.0,0.9994045846978268,0.40097725207373613,0.3831389446750212,0.40097725207373613
48.0,0.9998511461744567,0.37136973709296905,0.3606939964713838,0.37136973709296905
49.0,0.9998511461744567,0.35014853105338506,0.361768125301572,0.361768125301572
462.0,0.9864543018755582,0.38837815908376927,0.33689843386428286,0.38837815908376927
453.0,0.9998511461744567,0.6861537525700454,0.7673165915754729,0.7673165915754729
400.0,0.9998511461744567,0.5382624304140272,0.5254081102495366,0.5382624304140272
15.0,0.9998511461744567,0.6078673210245347,0.6969477227841062,0.6969477227841062
91.0,0.9998511461744567,0.8422453377199228,0.8153715836761998,0.8422453377199228
155.0,0.9994045846978268,0.586125994165113,0.6808881953714139,0.6808881953714139
424.0,0.9998511461744567,0.5808086351803801,0.6238327949784879,0.6238327949784879
287.0,0.9973206311402203,0.6224008462058431,0.6260888274583964,0.6260888274583964
452.0,0.9998511461744567,0.6876394941218955,0.7361114594326352,0.7361114594326352
308.0,0.9998511461744567,0.4623373903699537,0.4900529226045083,0.4900529226045083
46.0,0.5168204822863948,0.46418687641840517,0.30724631870733954,0.46418687641840517
376.0,0.9998511461744567,0.45480306287571126,0.4147604318312166,0.45480306287571126
79.0,0.9998511461744567,0.4943015299165756,0.7653243222793554,0.7653243222793554
24.0,0.9998511461744567,0.40511099086513447,0.4065942814441976,0.4065942814441976
466.0,0.9883894016076213,0.35141324004411356,0.3774279649848389,0.3774279649848389
444.0,0.9998511461744567,0.7991879975711162,0.8110257257685907,0.8110257257685907
165.0,0.9998511461744567,0.7595549785867983,0.8467056149758556,0.8467056149758556
194.0,0.9998511461744567,0.7150186806995837,0.798978442758972,0.798978442758972
159.0,0.9998511461744567,0.4716945021788601,0.5027592714261633,0.5027592714261633
379.0,0.9979160464423936,0.6912211297262848,0.759535676542968,0.759535676542968
137.0,0.9998511461744567,0.5255908891602455,0.4651373379834257,0.5255908891602455
248.0,0.9998511461744567,0.36561919170592116,0.3582560605650019,0.36561919170592116
314.0,0.9998511461744567,0.7391596607196462,0.8010640947465313,0.8010640947465313
129.0,0.9998511461744567,0.7808173126577669,0.8506719356791799,0.8506719356791799
294.0,0.997171777314677,0.3589769616529208,0.34154414399896216,0.3589769616529208
263.0,0.9998511461744567,0.704835097212559,0.6662929066465305,0.704835097212559
303.0,0.9998511461744567,0.7468588548836349,0.7885362127453507,0.7885362127453507
292.0,0.9580232211967847,0.3621395486791409,0.3602783935697036,0.3621395486791409
161.0,0.9998511461744567,0.6078783348155359,0.6809206554713496,0.6809206554713496
239.0,0.9998511461744567,0.4594426062650623,0.4391491962518669,0.4594426062650623
404.0,0.9998511461744567,0.5993365956212311,0.5521954966931135,0.5993365956212311
154.0,0.991515331944031,0.6725606822554311,0.6389125685813908,0.6725606822554311
90.0,0.43420660910985415,0.6367990313549443,0.6269140570434457,0.6367990313549443
356.0,0.9998511461744567,0.5917703161702088,0.6383465308313332,0.6383465308313332
479.0,0.9997022923489134,0.7743954475120537,0.8400327078166964,0.8400327078166964
160.0,0.9998511461744567,0.7087438170110649,0.6823347665134252,0.7087438170110649
1.0,0.7371241440905031,0.6010756466777083,0.6002688109015402,0.6010756466777083
102.0,0.9998511461744567,0.6027518941881305,0.5525996675530186,0.6027518941881305
244.0,0.9998511461744567,0.74698518988113,0.7550458102243798,0.7550458102243798
145.0,0.9998511461744567,0.688157221647762,0.7390766501837172,0.7390766501837172
112.0,0.3986305448050015,,,
35.0,0.9998511461744567,0.40906983236526007,0.3889732950082041,0.40906983236526007
433.0,0.9998511461744567,0.7331553447233399,0.8293347933705801,0.8293347933705801
149.0,0.9997022923489134,0.6041715101569298,0.7496429693443685,0.7496429693443685
138.0,0.9998511461744567,0.38681902392078205,0.37948395850741545,0.38681902392078205
539.0,0.9998511461744567,0.6648152766505013,0.7622434428763647,0.7622434428763647
141.0,0.9998511461744567,0.733451328975971,0.8081004261462001,0.8081004261462001
353.0,0.9998511461744567,0.6126185022869324,0.6799117230453171,0.6799117230453171
446.0,0.9998511461744567,0.5483287490211924,0.60116774081926,0.60116774081926
216.0,0.47692765704078594,0.3042432804527341,0.3511690774699201,0.3511690774699201
288.0,0.861714796070259,0.576239231551289,0.6141743729075386,0.6141743729075386
524.0,0.9668055969038404,0.3585004955277594,0.36277528189228525,0.36277528189228525
339.0,0.9959809467103304,0.36188173922766964,0.36798244433440375,0.36798244433440375
278.0,0.9997022923489134,0.7149692488523132,0.6956950792994798,0.7149692488523132
388.0,0.9998511461744567,0.7439698341703408,0.8161950016032635,0.8161950016032635
461.0,0.9815421256326288,0.36027430018748097,0.36699647250429945,0.36699647250429945
277.0,0.9998511461744567,0.6527153036104718,0.697083577109102,0.697083577109102
118.0,0.9998511461744567,0.4866176661917688,0.5697395582313991,0.5697395582313991
191.0,0.9998511461744567,0.5835259270430891,0.6509898094452315,0.6509898094452315
458.0,0.9992557308722834,0.5022621442854728,0.4549084562254808,0.5022621442854728
413.0,0.9998511461744567,0.6824217719582892,0.671155902666836,0.6824217719582892
226.0,0.9997022923489134,0.4056844701690512,0.3966469595609772,0.4056844701690512
492.0,0.06445370646025603,,,
260.0,0.21643346233998215,,,
526.0,0.5440607323608216,0.3200350541414442,0.3505386423085086,0.3505386423085086
307.0,0.9998511461744567,0.6879725072001015,0.6714905805146678,0.6879725072001015
420.0,0.9998511461744567,0.4128534235350739,0.4061623114271562,0.4128534235350739
11.0,0.9309318249479012,0.35344016865160777,0.380823149061559,0.380823149061559
498.0,0.9998511461744567,0.35471268152056357,0.36817302643317484,0.36817302643317484
121.0,0.9998511461744567,0.3614907011669516,0.35990051297225256,0.3614907011669516
189.0,0.9989580232211968,0.6312586172352177,0.6433521684469419,0.6433521684469419
483.0,0.9998511461744567,0.7623151526175711,0.8434955405679505,0.8434955405679505
285.0,0.9997022923489134,0.42005336476997546,0.41069969432942555,0.42005336476997546
26.0,0.9998511461744567,0.36236378248337564,0.3862108646401403,0.3862108646401403
387.0,0.9998511461744567,0.6147933322849638,0.6417560059890435,0.6417560059890435
107.0,0.9998511461744567,0.5804344030835864,0.5131229007762608,0.5804344030835864
368.0,0.9974694849657636,0.7129764144076924,0.7702879637717355,0.7702879637717355
540.0,0.9998511461744567,0.41618363801417313,0.4017340717352418,0.41618363801417313
289.0,0.9998511461744567,0.5097775237268569,0.5019982359899531,0.5097775237268569
491.0,0.9994045846978268,0.35957035270834514,0.40116816428809066,0.40116816428809066
93.0,0.9998511461744567,0.3736388208865079,0.356838719828776,0.3736388208865079
218.0,0.9998511461744567,0.4276527334231345,0.4114084228819036,0.4276527334231345
27.0,0.9998511461744567,0.5328048621046699,0.6137092230958958,0.6137092230958958
293.0,0.9998511461744567,0.48751027689903725,0.46276817501435774,0.48751027689903725
428.0,0.9998511461744567,0.530395265562206,0.4060819875906725,0.530395265562206
128.0,0.9995534385233701,0.5340461009094216,0.5375333541864764,0.5375333541864764
493.0,0.9995534385233701,0.46616315566649635,0.5672043540394266,0.5672043540394266
442.0,0.9998511461744567,0.7182105425883731,0.7768117260612104,0.7768117260612104
468.0,0.9995534385233701,0.6723884107604758,0.759960887169479,0.759960887169479
175.0,0.9995534385233701,0.4233780325142572,0.4564498480276157,0.4564498480276157
317.0,0.9998511461744567,0.5368597492277132,0.4058949022378302,0.5368597492277132
6.0,0.9998511461744567,0.730527247116809,0.7240088966945952,0.730527247116809
270.0,0.9729086037511164,0.4064113229309285,0.2498569540474177,0.4064113229309285
179.0,0.9998511461744567,0.6390563776195188,0.7039758082048733,0.7039758082048733
0.0,0.9998511461744567,0.8432759137455478,0.8075923173896047,0.8432759137455478
32.0,0.9998511461744567,0.7244610804046738,0.7010580958505215,0.7244610804046738
266.0,0.9998511461744567,0.633668826062227,0.7166631098633012,0.7166631098633012
401.0,0.9998511461744567,0.7239961787096452,0.7079673356210755,0.7239961787096452
421.0,0.9409050312593034,0.6460691195903636,0.7737936006619466,0.7737936006619466
488.0,0.9998511461744567,0.6048840559997353,0.5962753705719062,0.6048840559997353
232.0,0.6835367668949092,0.38162360853685395,0.3631083002412857,0.38162360853685395
501.0,0.9998511461744567,0.7505519666079377,0.8208261341668825,0.8208261341668825
58.0,0.9998511461744567,0.533624608169105,0.5317635088889086,0.533624608169105
53.0,0.9998511461744567,0.37661701984663776,0.38494482138129704,0.38494482138129704
37.0,0.47275974992557307,0.33969567210649,0.3326371186006404,0.33969567210649
105.0,0.9998511461744567,0.3901070854371246,0.38591987280285944,0.3901070854371246
430.0,0.9985114617445668,0.39371353768320405,0.39593989392421014,0.39593989392421014
234.0,0.9998511461744567,0.655691387331121,0.7303942424200647,0.7303942424200647
213.0,0.9998511461744567,0.38570531051360946,0.36456897666680865,0.38570531051360946
170.0,0.9998511461744567,0.6694052685495235,0.6409074944775361,0.6694052685495235
367.0,0.9989580232211968,0.5879288801876857,0.6115729965476846,0.6115729965476846
273.0,0.9998511461744567,0.4667191288692062,0.4417564597258987,0.4667191288692062
403.0,0.9998511461744567,0.5787783731215332,0.5539654727309576,0.5787783731215332
436.0,0.9998511461744567,0.38701168927325147,0.4089867093913332,0.4089867093913332
318.0,0.9998511461744567,0.7236004635787228,0.7902560695088929,0.7902560695088929
382.0,0.9998511461744567,0.7306649546481987,0.7944635558545793,0.7944635558545793
418.0,0.9994045846978268,0.5762120114884343,0.6018857402035951,0.6018857402035951
193.0,0.9976183387913069,0.6685109713352895,0.7405903004448854,0.7405903004448854
475.0,0.9998511461744567,0.7380309129140277,0.8317162977283928,0.8317162977283928
3.0,0.9788627567728491,0.4354703254398138,0.4433723411274042,0.4433723411274042
477.0,0.9998511461744567,0.7493153681870273,0.7426266722206126,0.7493153681870273
409.0,0.9998511461744567,0.890326834081061,0.8866914905670121,0.890326834081061
89.0,0.9723131884489431,0.3703157313359605,0.36956966700403837,0.3703157313359605
359.0,0.9955343852337005,0.45017264613119157,0.437932528049666,0.45017264613119157
470.0,0.9998511461744567,0.714952093926843,0.7580904734276527,0.7580904734276527
499.0,0.9995534385233701,0.5100313909793943,0.6032433048387982,0.6032433048387982
106.0,0.9998511461744567,0.4050074514481139,0.3755463983012556,0.4050074514481139
283.0,0.9997022923489134,0.6677405997970514,0.7234182409838013,0.7234182409838013
245.0,0.9997022923489134,0.40942985723159997,0.4309014819631771,0.4309014819631771
249.0,0.9998511461744567,0.3643961159842093,0.36190416806858183,0.3643961159842093
150.0,0.9992557308722834,0.6233705789466857,0.7049735337009648,0.7049735337009648
217.0,0.8771955939267639,0.37210768508480985,0.36669651266168857,0.37210768508480985
272.0,0.9998511461744567,0.553156814009164,0.5233156562739315,0.553156814009164
148.0,0.9995534385233701,0.7023324589757052,0.7480351345449529,0.7480351345449529
184.0,0.9998511461744567,0.6624383186493705,0.7644700684428584,0.7644700684428584
240.0,0.9983626079190235,0.3531635108486877,0.36086588439738443,0.36086588439738443
69.0,0.44373325394462637,0.3394406024386888,0.35204145686896693,0.35204145686896693
228.0,0.9919618934206609,0.3428495874917393,0.36483923588705447,0.36483923588705447
71.0,0.9998511461744567,0.3513771644278828,0.34124726890284474,0.3513771644278828
371.0,0.9994045846978268,0.5958607618234865,0.6649591659783538,0.6649591659783538
126.0,0.9998511461744567,0.7378841052733245,0.7261749772867443,0.7378841052733245
279.0,0.9998511461744567,0.5219038364918247,0.4867086219062049,0.5219038364918247
399.0,0.9991068770467401,0.6234429782995088,0.5944233016792956,0.6234429782995088
4.0,0.9995534385233701,0.5995199086513354,0.5708242539152273,0.5995199086513354
146.0,0.9998511461744567,0.6913234034229994,0.8518887855373365,0.8518887855373365
515.0,0.9991068770467401,0.4133365385405179,0.4418731674730946,0.4418731674730946
67.0,0.9998511461744567,0.41818858685980687,0.3956927563590916,0.41818858685980687
538.0,0.9998511461744567,0.7702137184565905,0.7658374451759073,0.7702137184565905
286.0,0.9974694849657636,0.6443530360900394,0.6403175211773899,0.6443530360900394
547.0,0.9998511461744567,0.5224073251023164,0.44668405717446313,0.5224073251023164
205.0,0.9998511461744567,0.5663224358631009,0.6471766975253967,0.6471766975253967
233.0,0.9998511461744567,0.43483187654282074,0.4202460915526578,0.43483187654282074
545.0,0.13426615064007144,,,
60.0,0.9998511461744567,0.3856917419041128,0.43753856745411157,0.43753856745411157
336.0,0.9986603155701101,0.6251496806707992,0.7141055006289355,0.7141055006289355
310.0,0.9998511461744567,0.6367369620676819,0.6595596596180686,0.6595596596180686
201.0,0.9998511461744567,0.35331404122159316,0.3534572325879791,0.3534572325879791
229.0,0.9461149151533195,0.325551953142473,0.4155295488989549,0.4155295488989549
455.0,0.9998511461744567,0.7127260233323431,0.7883211263434424,0.7883211263434424
342.0,0.9998511461744567,0.5368005646180145,0.5286967276103813,0.5368005646180145
117.0,0.9998511461744567,0.4828955195307868,0.5096322218662734,0.5096322218662734
119.0,0.9998511461744567,0.3831695441846352,0.37228508889901113,0.3831695441846352
254.0,0.5506103006847276,0.37606092363797194,0.3978374304705783,0.3978374304705783
257.0,0.9998511461744567,0.7008770310180132,0.7593592404294056,0.7593592404294056
133.0,0.9977671926168502,0.6781187552967425,0.7629049787441025,0.7629049787441025
73.0,0.9718666269723132,0.35647852378782785,0.3580478989366459,0.3580478989366459
59.0,0.9998511461744567,0.595674537937444,0.720447616168536,0.720447616168536
507.0,0.9995534385233701,0.6899607958148044,0.8167627942772395,0.8167627942772395
166.0,0.9994045846978268,0.4038996616615641,0.39483737906327454,0.4038996616615641
144.0,0.9998511461744567,0.4673612041501799,0.4539379774168172,0.4673612041501799
241.0,0.9998511461744567,0.7734543273395257,0.7662097305694034,0.7734543273395257
56.0,0.4432866924679964,0.340935010325199,0.3168083302047394,0.340935010325199
103.0,0.9998511461744567,0.5708787707653216,0.40891080681375247,0.5708787707653216
340.0,0.9998511461744567,0.5293459208854832,0.6746676819490938,0.6746676819490938
243.0,0.9998511461744567,0.6668379490953136,0.7282828251552691,0.7282828251552691
290.0,0.9998511461744567,0.5327737249411444,0.7767930087043887,0.7767930087043887
20.0,0.9998511461744567,0.5533515492908355,0.4603395290795277,0.5533515492908355
384.0,0.9998511461744567,0.5300299049093684,0.6050084433677791,0.6050084433677791
140.0,0.9718666269723132,0.38739161341074413,0.38469808167311625,0.38739161341074413
392.0,0.9998511461744567,0.3882371677146025,0.40331514892034326,0.40331514892034326
17.0,0.9998511461744567,0.698893636794615,0.6439672534131846,0.698893636794615
393.0,0.9998511461744567,0.5626554849255423,0.6216063894445898,0.6216063894445898
306.0,0.9998511461744567,0.48004896439303935,0.4488961624657909,0.48004896439303935
323.0,0.9998511461744567,0.7137734389344335,0.6813890316071857,0.7137734389344335
441.0,0.9994045846978268,0.6550341853027548,0.76368336243179,0.76368336243179
57.0,0.9873474248288181,0.36494689848266326,0.36261761411413684,0.36494689848266326
68.0,0.9998511461744567,0.3999321010920093,0.41720405870580024,0.41720405870580024
522.0,0.9894313783864245,0.34481127563134806,0.3748591219453674,0.3748591219453674
341.0,0.9998511461744567,0.39799323060132485,0.3842989220719716,0.39799323060132485
223.0,0.6704376302470973,0.33300108799757266,0.35561458479038877,0.35561458479038877
52.0,0.9998511461744567,0.4481185800029148,0.4164736609221643,0.4481185800029148
364.0,0.9998511461744567,0.4494226055467426,0.43676745042358844,0.4494226055467426
377.0,0.9998511461744567,0.5133203746335498,0.6154469963171101,0.6154469963171101
478.0,0.9998511461744567,0.7254988028159691,0.8199449974306492,0.8199449974306492
14.0,0.9998511461744567,0.7555656870558756,0.7992405881574793,0.7992405881574793
335.0,0.9998511461744567,0.6147065884711623,0.681638719435617,0.681638719435617
450.0,0.9998511461744567,0.6998149121784872,0.7341023439751343,0.7341023439751343
5.0,0.9994045846978268,0.6097341804686212,0.584330536494169,0.6097341804686212
54.0,0.9989580232211968,0.3827026055397663,0.38058382837947,0.3827026055397663
246.0,0.9998511461744567,0.652634347787836,0.6836569917246162,0.6836569917246162
171.0,0.9998511461744567,0.5978366200940525,0.6143684669660321,0.6143684669660321
210.0,0.9998511461744567,0.57403085612949,0.5195508582054793,0.57403085612949
396.0,0.9998511461744567,0.6527540171662347,0.7452559105550307,0.7452559105550307
514.0,0.9998511461744567,0.38283407950011905,0.4090003488221615,0.4090003488221615
319.0,0.9998511461744567,0.6272993547337289,0.6357704397822888,0.6357704397822888
167.0,0.9998511461744567,0.45932903103418654,0.39982249620609744,0.45932903103418654
95.0,0.9998511461744567,0.3702551541945549,0.3720046267814432,0.3720046267814432
262.0,0.9998511461744567,0.43499716875251604,0.3948356124968697,0.43499716875251604
389.0,0.9997022923489134,0.6758266935997629,0.7399600023959094,0.7399600023959094
333.0,0.9994045846978268,0.511368761907675,0.597839333105866,0.597839333105866
203.0,0.9998511461744567,0.6993563344982214,0.7331312182423735,0.7331312182423735
34.0,0.9998511461744567,0.39842467001676063,0.44056610059084844,0.44056610059084844
410.0,0.9998511461744567,0.6723544017870788,0.641066820071149,0.6723544017870788
264.0,0.9998511461744567,0.7323377056055252,0.8431364010107569,0.8431364010107569
343.0,0.9998511461744567,0.6130882820147764,0.5851062367159153,0.6130882820147764
381.0,0.9995534385233701,0.6545071785211405,0.7620867631380586,0.7620867631380586
365.0,0.9998511461744567,0.42765866037379663,0.4259534786905418,0.42765866037379663
157.0,0.9997022923489134,0.4611878780450688,0.5279727517197275,0.5279727517197275
86.0,0.9998511461744567,0.4162774165728156,0.38506275622699015,0.4162774165728156
440.0,0.9998511461744567,0.6825585692428695,0.7780826341972387,0.7780826341972387
321.0,0.9998511461744567,0.7470889591384586,0.8392302743324634,0.8392302743324634
415.0,0.9998511461744567,0.6962435130997546,0.7316999014752206,0.7316999014752206
528.0,0.9927061625483775,0.39657332996079764,0.4109667621283497,0.4109667621283497
83.0,0.9998511461744567,0.40788022536285196,0.4001160403718842,0.40788022536285196
109.0,0.9983626079190235,0.6121428227642384,0.6020079872262003,0.6121428227642384
408.0,0.9998511461744567,0.6362573829849518,0.7263305250498402,0.7263305250498402
108.0,0.9903245013396844,0.47271699681678336,0.4338097353960261,0.47271699681678336
22.0,0.9997022923489134,0.5844478147851176,0.5349076204140937,0.5844478147851176
324.0,0.9998511461744567,0.5836221887153621,0.616978635133405,0.616978635133405
190.0,0.9998511461744567,0.5740584771969159,0.8386923776732249,0.8386923776732249
544.0,0.9991068770467401,0.3535735402531611,0.3556490496072453,0.3556490496072453
503.0,0.9976183387913069,0.6270778644766682,0.6779073300117191,0.6779073300117191
509.0,0.9998511461744567,0.6398789424824032,0.7601305783858132,0.7601305783858132
412.0,0.9998511461744567,0.6439454307347275,0.6941704352870717,0.6941704352870717
508.0,0.9998511461744567,0.6672343746407696,0.7472466908316198,0.7472466908316198
143.0,0.9998511461744567,0.5214523749761891,0.6032841887058069,0.6032841887058069
476.0,0.9998511461744567,0.6888740792215962,0.7126962164364703,0.7126962164364703
489.0,0.9998511461744567,0.716809626241159,0.7096679229904113,0.716809626241159
55.0,0.9998511461744567,0.3572177922144385,0.2906370433875253,0.3572177922144385
139.0,0.9998511461744567,0.5149380792421234,0.4912759673332139,0.5149380792421234
130.0,0.9998511461744567,0.7550626858858567,0.8351396322589116,0.8351396322589116
445.0,0.9998511461744567,0.7047993645280369,0.8170775833736008,0.8170775833736008
523.0,0.9997022923489134,0.3920327891523403,0.3892715946731019,0.3920327891523403
439.0,0.9998511461744567,0.6528420460318496,0.7011589873192268,0.7011589873192268
116.0,0.9998511461744567,0.48041681288799043,0.5676529789532463,0.5676529789532463
322.0,0.9998511461744567,0.7007640078453757,0.6920606119152688,0.7007640078453757
255.0,0.9218517415897589,0.3273747181217217,0.3150232054874962,0.3273747181217217
120.0,0.9998511461744567,0.5012120241295894,0.4564859799882729,0.5012120241295894
502.0,0.9998511461744567,0.5696088815661187,0.6354052868992464,0.6354052868992464
360.0,0.9998511461744567,0.6129040135972645,0.5770387446568206,0.6129040135972645
114.0,0.9998511461744567,0.44536664311647034,0.43892228443720194,0.44536664311647034
195.0,0.9997022923489134,0.7152306082570461,0.7581069932486608,0.7581069932486608
198.0,0.9992557308722834,0.3676819519108878,0.34395059699314223,0.3676819519108878
25.0,0.9998511461744567,0.4684770015611348,0.44274902351631296,0.4684770015611348
225.0,0.8182494790116106,0.35153602940714723,0.35239076660488167,0.35239076660488167
296.0,0.9974694849657636,0.698376874344129,0.7686962850614126,0.7686962850614126
172.0,0.9998511461744567,0.5879534496923944,0.6328412905165253,0.6328412905165253
454.0,0.9994045846978268,0.7296332558365144,0.7814836679800029,0.7814836679800029
394.0,0.9994045846978268,0.4263804724827771,0.4236915626941403,0.4263804724827771
199.0,0.9682941351592735,0.35715735946521043,0.3693327428308524,0.3693327428308524
238.0,0.9998511461744567,0.785181174149222,0.7939744111801039,0.7939744111801039
363.0,0.9998511461744567,0.6157984583836642,0.6264300981348176,0.6264300981348176
202.0,0.9998511461744567,0.42648378168293677,0.46637066511930203,0.46637066511930203
183.0,0.9251265257517118,0.36465470694885016,0.3783872217494302,0.3783872217494302
531.0,0.9997022923489134,0.4170200235958038,0.3977048192569653,0.4170200235958038
44.0,0.993450431676094,0.3675914514214672,0.3830261892840007,0.3830261892840007
124.0,0.9998511461744567,0.8093510448598856,0.8164773580679621,0.8164773580679621
350.0,0.9998511461744567,0.7480552346776708,0.8137285419088842,0.8137285419088842
227.0,0.996278654361417,0.3576492205734595,0.3775005604613667,0.3775005604613667
151.0,0.9998511461744567,0.6664181478308479,0.7640210840516014,0.7640210840516014
136.0,0.9998511461744567,0.7759389205655994,0.7630030797151528,0.7759389205655994
504.0,0.9840726406668652,0.6676494531579358,0.7318325628888367,0.7318325628888367
369.0,0.6851741589758856,0.7090422636132692,0.7044841306034375,0.7090422636132692
70.0,0.9998511461744567,0.359210877869793,0.3960720699078669,0.3960720699078669
429.0,0.9998511461744567,0.38740536639211576,0.3987196943708996,0.3987196943708996
281.0,0.9998511461744567,0.6422235125191182,0.7098173406376902,0.7098173406376902
378.0,0.9998511461744567,0.6936017956368008,0.7809340674543679,0.7809340674543679
64.0,0.9997022923489134,0.36287534553034817,0.3903460802271387,0.3903460802271387
163.0,0.9998511461744567,0.6085213391241437,0.5906560432089207,0.6085213391241437
358.0,0.9998511461744567,0.5926178547356076,0.609322711785762,0.609322711785762
236.0,0.9998511461744567,0.8086983552484466,0.7724865376537526,0.8086983552484466
375.0,0.9998511461744567,0.42209688687093905,0.4034174889290042,0.42209688687093905
231.0,0.9998511461744567,0.40103955478973796,0.3880243757578027,0.40103955478973796
435.0,0.9985114617445668,0.7785158580495135,0.6872064041325716,0.7785158580495135
209.0,0.9992557308722834,0.4535113412779411,0.3710807184140643,0.4535113412779411
505.0,0.9998511461744567,0.593307149173935,0.6979603277978805,0.6979603277978805
87.0,0.9980649002679369,0.3786659852772113,0.3992991295467738,0.3992991295467738
38.0,0.9998511461744567,0.425885922288741,0.4003015307776773,0.425885922288741
482.0,0.9998511461744567,0.5020865189502379,0.5278266418649391,0.5278266418649391
402.0,0.9998511461744567,0.6236500294297548,0.60994722554441,0.6236500294297548
457.0,0.9672521583804704,0.3218587159659624,0.31601640601870007,0.3218587159659624
511.0,0.9998511461744567,0.38752748581775776,0.38341485427512123,0.38752748581775776
334.0,0.9997022923489134,0.6691301523009726,0.7185035087156562,0.7185035087156562
94.0,0.9995534385233701,0.3557142201803918,0.36632786846619747,0.36632786846619747
196.0,0.9998511461744567,0.7288091325208745,0.8170719268865418,0.8170719268865418
220.0,0.4051801131289074,0.347491575790121,0.3636505447659871,0.3636505447659871
169.0,0.9997022923489134,0.38470552471287467,0.35485809750795816,0.38470552471287467
74.0,0.9824352485858887,0.3526512292473225,0.3593760146520687,0.3593760146520687
23.0,0.9746948496576362,0.3563905807034202,0.3669236323630325,0.3669236323630325
448.0,0.9998511461744567,0.6841153521676001,0.7289016951079241,0.7289016951079241
497.0,0.9998511461744567,0.5760239725736129,0.8088921879010043,0.8088921879010043
12.0,0.9998511461744567,0.3498492926871337,0.34466762870228695,0.3498492926871337
451.0,0.9998511461744567,0.5946317959414649,0.7120956779401562,0.7120956779401562
178.0,0.9998511461744567,0.5966534252213984,0.5930017016310616,0.5966534252213984
33.0,0.9998511461744567,0.4615081216096756,0.5247177976101616,0.5247177976101616
158.0,0.9998511461744567,0.691327802610529,0.7231223664576125,0.7231223664576125
42.0,0.0931824947901161,,,
536.0,0.9813932718070855,0.38294865742361195,0.25820653785286396,0.38294865742361195
21.0,0.9992557308722834,0.5875715154731411,0.46251682936179117,0.5875715154731411
500.0,0.9726108961000298,0.5071766802029185,0.5428824996503063,0.5428824996503063
302.0,0.9998511461744567,0.7362428897584125,0.7752840946487499,0.7752840946487499
385.0,0.9998511461744567,0.607671807233844,0.6614042678798447,0.6614042678798447
256.0,0.9998511461744567,0.674131980528895,0.7968825145521569,0.7968825145521569
174.0,0.9995534385233701,0.6041535765447705,0.5864227772714137,0.6041535765447705
481.0,0.9998511461744567,0.44752070133892885,0.5160094865296596,0.5160094865296596
43.0,0.9998511461744567,0.3694819531258645,0.3823944155988839,0.3823944155988839
496.0,0.9980649002679369,0.655214710836331,0.6899117792671741,0.6899117792671741
494.0,0.9998511461744567,0.6098717250170491,0.7202166710097456,0.7202166710097456
449.0,0.996278654361417,0.6264185172989823,0.5696618147323536,0.6264185172989823
168.0,0.9998511461744567,0.45697313780826865,0.4650733369404284,0.4650733369404284
297.0,0.9998511461744567,0.648278884029936,0.7221694954116382,0.7221694954116382
474.0,0.9995534385233701,0.6010567744222273,0.7773743843412008,0.7773743843412008
156.0,0.9995534385233701,0.5452995976134821,0.6126725829593016,0.6126725829593016
75.0,0.9998511461744567,0.3605907039371904,0.37139655714191644,0.37139655714191644
366.0,0.16433462339982138,,,
208.0,0.9998511461744567,0.5519002217369484,0.5917493844070432,0.5917493844070432
329.0,0.9992557308722834,0.5555704760641684,0.5541118223056709,0.5555704760641684
45.0,0.9998511461744567,0.48542905011824267,0.5193314097512862,0.5193314097512862
443.0,0.9998511461744567,0.6309653889501494,0.6425423715578944,0.6425423715578944
534.0,0.9997022923489134,0.44085587756315003,0.4630682710622094,0.4630682710622094
426.0,0.9998511461744567,0.7211675384569942,0.762169964227353,0.762169964227353
72.0,0.9998511461744567,0.38102954403793143,0.38577148375526116,0.38577148375526116
380.0,0.9998511461744567,0.5513312251662319,0.8310351044580802,0.8310351044580802
330.0,0.9998511461744567,0.6666721629039882,0.705934060708167,0.705934060708167
312.0,0.9888359630842513,0.36150786013044456,0.3682716805347488,0.3682716805347488
261.0,0.9998511461744567,0.7573570893553792,0.7554281185715195,0.7573570893553792
188.0,0.982584102411432,0.7235584222602298,0.756778498348348,0.756778498348348
487.0,0.9998511461744567,0.44583042756452995,0.49345516692557867,0.49345516692557867
316.0,0.9998511461744567,0.7145352689415418,0.7934221390423357,0.7934221390423357
111.0,0.7472462042274487,0.6183064889653305,0.6288388163628909,0.6288388163628909
344.0,0.9998511461744567,0.6233974021428919,0.6657972855418263,0.6657972855418263
125.0,0.9985114617445668,0.41008567983053146,0.41159197066720643,0.41159197066720643
99.0,0.9489431378386425,0.36338174068549467,0.3623613124990459,0.36338174068549467
214.0,0.9998511461744567,0.7638951932169705,0.7225891944415088,0.7638951932169705
115.0,0.9998511461744567,0.37971600557821183,0.38807319977903487,0.38807319977903487
530.0,0.9904733551652277,0.6382004768313194,0.728282263028367,0.728282263028367
332.0,0.9998511461744567,0.577853806024919,0.798839592048523,0.798839592048523
176.0,0.9989580232211968,0.5748775348335093,0.34936430584310063,0.5748775348335093
370.0,0.9998511461744567,0.611303611448161,0.6669051177757477,0.6669051177757477
357.0,0.9992557308722834,0.694871096358739,0.7582577885469083,0.7582577885469083
7.0,0.9998511461744567,0.7094997226530066,0.7194105062448983,0.7194105062448983
406.0,0.9998511461744567,0.6586293706904516,0.6954678635359648,0.6954678635359648
153.0,0.9998511461744567,0.584495513195392,0.6104636650931375,0.6104636650931375
31.0,0.9941947008038107,0.40963425316005586,0.3663710472063282,0.40963425316005586
250.0,0.9998511461744567,0.7450979974821993,0.735174695206188,0.7450979974821993
471.0,0.9979160464423936,0.6940347747360109,0.7281062497648343,0.7281062497648343
345.0,0.9998511461744567,0.7292498164151542,0.7490442453862294,0.7490442453862294
221.0,0.6677582613873176,0.34230186209156865,0.35097046566982437,0.35097046566982437
206.0,0.9998511461744567,0.5850422569235165,0.6397796694607587,0.6397796694607587
18.0,0.5254540041679071,0.6468515557029899,0.6850064531390317,0.6850064531390317
211.0,0.9998511461744567,0.7886387881658636,0.7977874060071438,0.7977874060071438
411.0,0.9998511461744567,0.5731712278405808,0.6154273993615673,0.6154273993615673
537.0,0.9624888359630842,0.3769427197884758,0.3279905586050461,0.3769427197884758
85.0,0.9998511461744567,0.4551850503233452,0.4105198232796602,0.4551850503233452
224.0,0.9995534385233701,0.4007939535411207,0.37998544410712654,0.4007939535411207
416.0,0.9998511461744567,0.6525972832692755,0.6692848652210166,0.6692848652210166
295.0,0.9998511461744567,0.6961108728741728,0.7756822052699878,0.7756822052699878
304.0,0.9998511461744567,0.6947300072228098,0.7079885118771507,0.7079885118771507
437.0,0.9998511461744567,0.5488724682839097,0.5201210681432517,0.5488724682839097
512.0,0.9998511461744567,0.6220062092488041,0.714685082146219,0.714685082146219
280.0,0.9998511461744567,0.37673493886534526,0.39420092351119496,0.39420092351119496
123.0,0.9998511461744567,0.5549123033067613,0.5468431421468178,0.5549123033067613
235.0,0.9998511461744567,0.677255324186675,0.6839750298464071,0.6839750298464071
92.0,0.9998511461744567,0.4008444619678072,0.3733110384589817,0.4008444619678072
291.0,0.9985114617445668,0.6023506244188774,0.48176267811541396,0.6023506244188774
355.0,0.9998511461744567,0.589355778184252,0.5848744986149812,0.589355778184252
518.0,0.9998511461744567,0.4750087086129823,0.5376794831764741,0.5376794831764741
425.0,0.9998511461744567,0.5268549107842192,0.7441223757887822,0.7441223757887822
185.0,0.9985114617445668,0.35944946746357354,0.384888353327703,0.384888353327703
325.0,0.9998511461744567,0.4361882855418856,0.41656001942302645,0.4361882855418856
331.0,0.9998511461744567,0.7448972711124547,0.7057216611596397,0.7448972711124547
397.0,0.9998511461744567,0.779211992083757,0.8372619003519699,0.8372619003519699
337.0,0.9998511461744567,0.7457228521683106,0.7733587949844826,0.7733587949844826
164.0,0.9998511461744567,0.7746676580452676,0.785258899294387,0.785258899294387
532.0,0.9621911283119976,0.3604322183826314,0.3561537512924595,0.3604322183826314
349.0,0.9998511461744567,0.5656948241412472,0.5617962787849735,0.5656948241412472
527.0,0.9815421256326288,0.3670462502265285,0.36132801769208267,0.3670462502265285
222.0,0.9998511461744567,0.5717032525600503,0.6403943528273894,0.6403943528273894
173.0,0.9998511461744567,0.4870246898862971,0.517136146807258,0.517136146807258
276.0,0.9998511461744567,0.618027401588864,0.6643855919202868,0.6643855919202868
82.0,0.9998511461744567,0.46093533777337226,0.4566062783880058,0.46093533777337226
186.0,0.9994045846978268,0.4373327046001212,0.40758249639463007,0.4373327046001212
96.0,0.9944924084548973,0.40311993716276906,0.36050014724000545,0.40311993716276906
473.0,0.9998511461744567,0.5258449103386375,0.49584922274278953,0.5258449103386375
348.0,0.6588270318547187,0.39019560175215595,0.30659977920429415,0.39019560175215595
274.0,0.9998511461744567,0.7244602909388644,0.7939484959434919,0.7939484959434919
207.0,0.9998511461744567,0.6222081216216304,0.6694002645745782,0.6694002645745782
328.0,0.9992557308722834,0.4177037292566156,0.40205837747637563,0.4177037292566156
251.0,0.9998511461744567,0.8313251388884617,0.845737528501929,0.845737528501929
181.0,0.9998511461744567,0.7862384125113986,0.8553605896798802,0.8553605896798802
405.0,0.9998511461744567,0.7350478123178916,0.7228711096637055,0.7350478123178916
427.0,0.9998511461744567,0.6035909803499437,0.5968505801007276,0.6035909803499437
533.0,0.9922596010717476,0.7339759959854655,0.6290988211825945,0.7339759959854655
438.0,0.9998511461744567,0.6989164683308002,0.767581668619447,0.767581668619447
326.0,0.9995534385233701,0.7436737387009769,0.8281857185570954,0.8281857185570954
142.0,0.9998511461744567,0.6057802445257852,0.6778026748041066,0.6778026748041066
122.0,0.9998511461744567,0.3744409366564795,0.36557904152545095,0.3744409366564795
373.0,0.9998511461744567,0.7864832305626329,0.8341106483034362,0.8341106483034362
39.0,0.4456683536766895,0.3632208553365507,0.33067634514235034,0.3632208553365507
434.0,0.9997022923489134,0.6129535976727122,0.7143893046211712,0.7143893046211712
100.0,0.9998511461744567,0.5654608970595096,0.6284513080649345,0.6284513080649345
469.0,0.9998511461744567,0.47150709972899263,0.5113885442030781,0.5113885442030781
309.0,0.9998511461744567,0.6054591980215045,0.6412224279447143,0.6412224279447143
338.0,0.9998511461744567,0.5270938266761099,0.5362643553862636,0.5362643553862636
372.0,0.9998511461744567,0.5801436834753522,0.6118313855968422,0.6118313855968422
472.0,0.3428103602262578,,,
215.0,0.12727002083953556,,,
463.0,0.9995534385233701,0.6176766714510437,0.6938032839476229,0.6938032839476229
414.0,0.9998511461744567,0.6318521894896036,0.706297844617237,0.706297844617237
84.0,0.9935992855016373,0.3703303148041973,0.34708880383463847,0.3703303148041973
101.0,0.9986603155701101,0.38339305742167185,0.3993066430667993,0.3993066430667993
30.0,0.9998511461744567,0.4586530283417455,0.3898780226249513,0.4586530283417455
390.0,0.9998511461744567,0.6281302279650138,0.6350532424869508,0.6350532424869508
135.0,0.9998511461744567,0.35837358898723437,0.3983110410702726,0.3983110410702726
10.0,0.9998511461744567,0.7747634571379411,0.7954536710055861,0.7954536710055861
182.0,0.9998511461744567,0.7694048806178928,0.7866456071478922,0.7866456071478922
78.0,0.9991068770467401,0.36310980264744774,0.36819347552223114,0.36819347552223114
354.0,0.9998511461744567,0.7115223810104783,0.7825081389714263,0.7825081389714263
219.0,0.9697826734147068,0.3570866221375434,0.34878866067925607,0.3570866221375434
77.0,0.9998511461744567,0.44908117149660753,0.45984317822807796,0.45984317822807796
269.0,0.997171777314677,0.3658240060447331,0.34755342975344816,0.3658240060447331
197.0,0.9998511461744567,0.6987345853532335,0.7354690528097644,0.7354690528097644
187.0,0.9974694849657636,0.3845837751805412,0.39438505942869295,0.39438505942869295
423.0,0.9998511461744567,0.6320001522383052,0.6586621949649591,0.6586621949649591
13.0,0.9998511461744567,0.5853094635546818,0.6765979422792421,0.6765979422792421
8.0,0.9998511461744567,0.7173437206102786,0.7039963822059935,0.7173437206102786
242.0,0.9998511461744567,0.7723602952169266,0.7643202288981116,0.7723602952169266
362.0,0.9998511461744567,0.6832480643420827,0.7534018698453022,0.7534018698453022
177.0,0.9696338195891634,0.532296418887841,0.3681404500482842,0.532296418887841
315.0,0.9998511461744567,0.7139859864995505,0.8309895496274631,0.8309895496274631
529.0,0.6612086930634117,0.3954455530536547,0.4280000231879034,0.4280000231879034
398.0,0.9998511461744567,0.6331082156294419,0.6427732240379488,0.6427732240379488
535.0,0.9994045846978268,0.41160788213808475,0.4071965954503637,0.41160788213808475
313.0,0.9997022923489134,0.6924289632372084,0.7178003236114998,0.7178003236114998
247.0,0.9998511461744567,0.3863911563178136,0.3705483524915476,0.3863911563178136
50.0,0.9998511461744567,0.3876791674788621,0.40623144819837853,0.40623144819837853
542.0,0.6664185769574278,0.5779494084997454,0.5892723848608785,0.5892723848608785
131.0,0.9998511461744567,0.5741304166544073,0.6312519672636496,0.6312519672636496
267.0,0.997171777314677,0.7256436870291426,0.7857012331137709,0.7857012331137709
110.0,0.9997022923489134,0.45536732955599635,0.48407317919258186,0.48407317919258186
431.0,0.9980649002679369,0.3871983475332921,0.39023787031951374,0.39023787031951374
495.0,0.9998511461744567,0.4889299332255823,0.4704674793637895,0.4889299332255823
252.0,0.9998511461744567,0.7444801556477312,0.8151675638261873,0.8151675638261873
320.0,0.9998511461744567,0.7292387297356837,0.7821470709529126,0.7821470709529126
268.0,0.9998511461744567,0.7549268833262924,0.8253600899308438,0.8253600899308438
419.0,0.9995534385233701,0.5067037446459977,0.556176076583373,0.556176076583373
519.0,0.9992557308722834,0.4554944079144567,0.47020535942823327,0.47020535942823327
62.0,0.9997022923489134,0.44551820399175046,0.43571913966016773,0.44551820399175046
543.0,0.8200357249181304,0.5016729346196226,0.5370323717694425,0.5370323717694425
162.0,0.9998511461744567,0.743729271587639,0.7133719749238732,0.743729271587639
204.0,0.9998511461744567,0.36265836333205903,0.36077654424079864,0.36265836333205903
47.0,0.9998511461744567,0.49400038145401803,0.41792953291821333,0.49400038145401803
386.0,0.9998511461744567,0.6589969185759385,0.6672887267434736,0.6672887267434736
460.0,0.9998511461744567,0.6356435637131151,0.7330183509076268,0.7330183509076268
147.0,0.9998511461744567,0.46429156274732775,0.48564290014097233,0.48564290014097233
510.0,0.9982137540934802,0.540266577140477,0.5677132005922111,0.5677132005922111
134.0,0.9998511461744567,0.4610075982182059,0.6848840136340272,0.6848840136340272
192.0,0.9998511461744567,0.4947161947199069,0.8317819711880791,0.8317819711880791
19.0,0.9998511461744567,0.48483889070295993,0.48293114631396816,0.48483889070295993
80.0,0.9998511461744567,0.6357247996270006,0.6571385935893442,0.6571385935893442
