id_ip,ratio_active,whr,total_active_hours,work_active_hours
266081.0,0.44983626079190236,0.3309066843150232,3022.0,1000.0
520084.0,0.27865436141708844,0.45032051282051283,1872.0,843.0
60027.0,0.9620422744864543,0.3089896332972304,6463.0,1997.0
462951.0,0.5875260494194701,0.29845452242209275,3947.0,1178.0
1774.0,0.9815421256326288,0.31255686988171066,6594.0,2061.0
8089.0,0.1193807680857398,,,
1616078.0,0.009824352485858886,,,
1804797.0,0.011015183090205419,,,
669244.0,0.03751116403691575,,,
433920.0,0.9160464423935695,0.3118297042573936,6154.0,1919.0
272968.0,0.11908306043465317,,,
33446.0,0.04331646323310509,,,
476311.0,0.13352188151235486,,,
1557668.0,0.21673116999106878,,,
508180.0,0.013396844298898482,,,
1490141.0,0.017564751414111342,,,
1737488.0,0.010270913962488836,,,
1804229.0,0.011461744566835368,,,
1784351.0,0.01012206013694552,,,
792059.0,0.9648704971717773,0.31271212588707187,6482.0,2027.0
1492124.0,0.10419767788032153,,,
6184.0,0.013396844298898482,,,
1769690.0,0.008782375707055671,,,
473818.0,0.9864543018755582,0.3119058397464916,6627.0,2067.0
1650640.0,0.011610598392378685,,,
228029.0,0.11193807680857398,,,
20150.0,0.11521286097052694,,,
1804627.0,0.009080083358142305,,,
15907.0,0.026198273295623697,,,
1772112.0,0.009377791009228937,,,
386389.0,0.17460553736231021,,,
1702900.0,0.009973206311402203,,,
1792615.0,0.011164036915748734,,,
1796080.0,0.011908306043465317,,,
1753002.0,0.010568621613575468,,,
1775702.0,0.013992259601071748,,,
1741971.0,0.010866329264662102,,,
56502.0,0.19306341172968144,,,
1786928.0,0.009824352485858886,,,
381203.0,0.12161357546888955,,,
1743984.0,0.011610598392378685,,,
190.0,0.9952366775826139,0.31379000897397546,6686.0,2098.0
1779253.0,0.010419767788032152,,,
220165.0,0.002977076510866329,,,
487813.0,0.015034236379874963,,,
1605.0,0.9998511461744567,0.31278844722346283,6717.0,2101.0
1714479.0,0.009824352485858886,,,
162890.0,0.07174754391187854,,,
54220.0,0.09481988687109259,,,
590832.0,0.07621315867817803,,,
1610935.0,0.00029770765108663293,,,
217759.0,0.3274784161952962,0.47045454545454546,2200.0,1035.0
360850.0,0.9604048824054778,0.31091134531928083,6452.0,2006.0
760519.0,0.10806787734444775,,,
171.0,0.5690681750520988,0.30996599529165575,3823.0,1185.0
1637350.0,0.012057159869008634,,,
1646074.0,0.008931229532598988,,,
1673776.0,0.0461446859184281,,,
262580.0,0.047782077999404586,,,
593983.0,0.11625483774933015,,,
529692.0,0.0958618636498958,,,
19288.0,0.03200357249181304,,,
1818699.0,0.010270913962488836,,,
261424.0,0.014885382554331646,,,
502760.0,0.11149151533194403,,,
1368.0,0.9998511461744567,0.31278844722346283,6717.0,2101.0
1779305.0,0.00967549866031557,,,
290222.0,0.9988091693956535,0.31311475409836065,6710.0,2101.0
476751.0,0.8751116403691575,0.3085558768498044,5879.0,1814.0
101925.0,0.0805299196189342,,,
8989.0,0.9471568919321226,0.30975954738330974,6363.0,1971.0
776124.0,0.034682941351592736,,,
1649931.0,0.010419767788032152,,,
1571584.0,0.01012206013694552,,,
210412.0,0.9353974397142006,0.30919796308084024,6284.0,1943.0
1808114.0,0.009973206311402203,,,
204269.0,0.12265555224769277,,,
230257.0,0.38761536171479605,0.3195084485407066,2604.0,832.0
47839.0,0.27448645430187557,0.4490238611713666,1844.0,828.0
1799290.0,0.013545698124441799,,,
1925686.0,0.05031259303364097,,,
1625190.0,0.0007442691277165823,,,
291833.0,0.31705864840726405,0.3671361502347418,2130.0,782.0
168060.0,0.17296814528133372,,,
1622963.0,0.0007442691277165823,,,
118.0,0.9980649002679369,0.3131991051454139,6705.0,2100.0
127696.0,0.17162846085144387,,,
1591596.0,0.27895206906817505,0.3687299893276414,1874.0,691.0
1572545.0,0.2150937779100923,,,
390980.0,0.08901458767490325,,,
20342.0,0.9662101816016672,0.3136650747188415,6491.0,2036.0
1771587.0,0.010419767788032152,,,
1599657.0,0.00044656147662994937,,,
724720.0,0.0037213456385829114,,,
384175.0,0.2150937779100923,,,
782264.0,0.14781184876451325,,,
479987.0,0.13873176540637094,,,
839542.0,0.2768681155105686,0.6021505376344086,1860.0,1120.0
773340.0,0.20125037213456387,,,
181135.0,0.03408752604941947,,,
1786741.0,0.011461744566835368,,,
546509.0,0.0017862459065197975,,,
159656.0,0.19931527240250074,,,
336767.0,0.08469782673414707,,,
192266.0,0.7176242929443287,0.31321302634308235,4821.0,1510.0
1814391.0,0.011610598392378685,,,
1647353.0,0.011015183090205419,,,
29194.0,0.4553438523370051,0.31415495259888854,3059.0,961.0
1785183.0,0.010717475439118785,,,
1676147.0,0.011461744566835368,,,
369939.0,0.13605239654659124,,,
405526.0,0.04912176242929443,,,
1620676.0,0.36141708841917236,0.3060131795716639,2428.0,743.0
1516753.0,0.0008931229532598987,,,
1802574.0,0.009824352485858886,,,
346507.0,0.05641559988091694,,,
1812223.0,0.00922893718368562,,,
445882.0,0.11625483774933015,,,
296975.0,0.1256326287585591,,,
148765.0,0.013992259601071748,,,
162142.0,0.15019350997320632,,,
805691.0,0.12503721345638583,,,
311610.0,0.13322417386126822,,,
638144.0,0.0010419767788032153,,,
1552198.0,0.0007442691277165823,,,
1683043.0,0.10866329264662102,,,
335679.0,0.2795474843703483,0.2736954206602769,1878.0,514.0
1805580.0,0.008782375707055671,,,
1584792.0,0.011610598392378685,,,
293838.0,0.668353676689491,0.29866369710467705,4490.0,1341.0
848885.0,0.006996129800535874,,,
790821.0,0.18145281333730276,,,
343418.0,0.1122357844596606,,,
1815921.0,0.010568621613575468,,,
650409.0,0.1926168502530515,,,
379493.0,0.9995534385233701,0.3128816083395383,6715.0,2101.0
134220.0,0.17326585293242036,,,
11069.0,0.9997022923489134,0.3126861226920786,6716.0,2100.0
537892.0,0.0007442691277165823,,,
664990.0,0.004167907115212861,,,
1807194.0,0.010717475439118785,,,
1538089.0,0.20333432569217028,,,
644335.0,0.23012801428996726,0.25679172056921085,1546.0,397.0
335577.0,0.1562965168204823,,,
1885471.0,0.04688895504614469,,,
1568632.0,0.0014885382554331646,,,
450863.0,0.9583209288478713,0.30987884436160296,6438.0,1995.0
73422.0,0.9889848169097946,0.3127633955448525,6644.0,2078.0
1579517.0,0.009973206311402203,,,
309074.0,0.0014885382554331646,,,
1531823.0,0.022923489133670736,,,
1535285.0,0.009973206311402203,,,
782610.0,0.11729681452813337,,,
789372.0,0.12072045251562966,,,
1710206.0,0.008782375707055671,,,
80219.0,0.011164036915748734,,,
756917.0,0.13501041976778802,,,
130940.0,0.9976183387913069,0.3119964189794091,6702.0,2091.0
1780314.0,0.009377791009228937,,,
339100.0,0.02322119678475737,,,
155199.0,0.14126228044060732,,,
1552279.0,0.0008931229532598987,,,
44252.0,0.9995534385233701,0.3128816083395383,6715.0,2101.0
172000.0,0.055224769276570405,,,
491563.0,0.052396546591247393,,,
328511.0,0.016225066984221496,,,
619502.0,0.00044656147662994937,,,
594145.0,0.37749330157785055,0.4798895899053628,2536.0,1217.0
515852.0,0.13992259601071746,,,
1566743.0,0.03587377195593927,,,
156573.0,0.9998511461744567,0.31278844722346283,6717.0,2101.0
1780853.0,0.007740398928252456,,,
1800585.0,0.010568621613575468,,,
484764.0,0.04361417088419172,,,
314181.0,0.7082465019350997,0.31799075241698194,4758.0,1513.0
1762176.0,0.009824352485858886,,,
52940.0,0.22700208395355762,,,
319600.0,0.10717475439118786,,,
277442.0,0.07621315867817803,,,
2011839.0,0.01682048228639476,,,
1798464.0,0.011312890741292051,,,
1811974.0,0.010419767788032152,,,
120.0,0.9995534385233701,0.3128816083395383,6715.0,2101.0
769752.0,0.10285799345043167,,,
78471.0,0.9994045846978268,0.31263032469466784,6714.0,2099.0
1673512.0,0.008038106579339089,,,
1788708.0,0.011610598392378685,,,
210046.0,0.10985412325096755,,,
590875.0,0.0596903840428699,,,
11363.0,0.0976481095564156,,,
665198.0,0.1655254540041679,,,
144700.0,0.07130098243524859,,,
1738108.0,0.012503721345638583,,,
1788794.0,0.00848466805596904,,,
570613.0,0.15838047037808872,,,
1770540.0,0.01012206013694552,,,
706508.0,0.18487645132479905,,,
1553485.0,0.03899970229234891,,,
35210.0,0.996278654361417,0.3124159569699686,6693.0,2091.0
121748.0,0.1609109854123251,,,
35748.0,0.24188746650788925,0.39384615384615385,1625.0,640.0
587344.0,0.04688895504614469,,,
634367.0,0.20378088716880025,,,
266362.0,0.0506103006847276,,,
355960.0,0.011759452217922,,,
1732844.0,0.010717475439118785,,,
738315.0,0.13888061923191425,,,
206936.0,0.04584697826734147,,,
122.0,0.9998511461744567,0.31278844722346283,6717.0,2101.0
1787369.0,0.011610598392378685,,,
382625.0,0.05805299196189342,,,
218837.0,0.10791902351890444,,,
378824.0,0.16835367668949092,,,
1756032.0,0.008335814230425722,,,
53715.0,0.19752902649598095,,,
1658327.0,0.011015183090205419,,,
133643.0,0.06847275974992557,,,
1200.0,0.030068472759749925,,,
1642864.0,0.010419767788032152,,,
609094.0,0.10881214647216433,,,
407623.0,0.04659124739505805,,,
137804.0,0.07115212860970527,,,
499088.0,0.12325096754986603,,,
758759.0,0.14394164930038703,,,
1797032.0,0.009824352485858886,,,
1786188.0,0.011461744566835368,,,
378191.0,0.15852932420363203,,,
227025.0,0.08201845787436737,,,
704540.0,0.09214051801131289,,,
1804703.0,0.009377791009228937,,,
679525.0,0.43822566239952365,0.305366847826087,2944.0,899.0
797312.0,0.6428996725215838,0.2935864783514702,4319.0,1268.0
14458.0,0.1772849062220899,,,
658688.0,0.05671330753200357,,,
292756.0,0.22298303066388805,,,
1672.0,0.7566239952366776,0.3145780051150895,5083.0,1599.0
1641193.0,0.011164036915748734,,,
620676.0,0.09556415599880917,,,
741902.0,0.08157189639773742,,,
1810816.0,0.010568621613575468,,,
838815.0,0.14617445668353676,,,
1731135.0,0.022476927657040787,,,
1490521.0,0.9998511461744567,0.31278844722346283,6717.0,2101.0
1488443.0,0.02396546591247395,,,
1802049.0,0.00848466805596904,,,
1568869.0,0.004912176242929443,,,
355502.0,0.10702590056564454,,,
450529.0,0.15302173265852934,,,
1614747.0,0.041530217326585295,,,
1727388.0,0.009080083358142305,,,
10374.0,0.9099434355462935,0.30950433502371993,6113.0,1892.0
1793649.0,0.009973206311402203,,,
1783487.0,0.00922893718368562,,,
828433.0,0.012950282822268532,,,
334600.0,0.21747543911878536,,,
1620781.0,0.0008931229532598987,,,
659213.0,0.9763322417386127,0.31391980484830007,6559.0,2059.0
129579.0,0.02977076510866329,,,
1698357.0,0.0008931229532598987,,,
774906.0,0.03125930336409646,,,
1682336.0,0.011312890741292051,,,
1792304.0,0.007293837451622507,,,
443967.0,0.10375111640369157,,,
327367.0,0.16329264662101817,,,
629496.0,0.13932718070854422,,,
1852.0,0.9855611789222983,0.31158435281679503,6621.0,2063.0
294385.0,0.0614766299493897,,,
1776052.0,0.010717475439118785,,,
60447.0,0.01696933611193808,,,
54017.0,0.14036915748734743,,,
369833.0,0.0814230425721941,,,
1780396.0,0.010568621613575468,,,
446563.0,0.08901458767490325,,,
119651.0,0.9894313783864245,0.31202046035805625,6647.0,2074.0
232476.0,0.23340279845192022,0.4145408163265306,1568.0,650.0
751896.0,0.0011908306043465317,,,
1681669.0,0.01012206013694552,,,
1706143.0,0.011164036915748734,,,
599190.0,0.8986305448050015,0.30876263044558555,6037.0,1864.0
11212.0,0.467996427508187,0.4351145038167939,3144.0,1368.0
330012.0,0.9301875558201845,0.3096495439270283,6249.0,1935.0
702295.0,0.11506400714498363,,,
65072.0,0.814676987198571,0.31518362872282113,5473.0,1725.0
1594338.0,0.011015183090205419,,,
1776564.0,0.009824352485858886,,,
1598789.0,0.5881214647216434,0.30777018476335105,3951.0,1216.0
215374.0,0.4365882703185472,0.32355949539720424,2933.0,949.0
398874.0,0.0787436737124144,,,
1040.0,0.0017862459065197975,,,
376293.0,0.4547484370348318,0.36530278232405894,3055.0,1116.0
471658.0,0.5053587377195594,0.2974963181148748,3395.0,1010.0
532881.0,0.138285203929741,,,
603147.0,0.10479309318249479,,,
165515.0,0.07636201250372135,,,
633752.0,0.030663888061923193,,,
1801145.0,0.012057159869008634,,,
358041.0,0.021732658529324204,,,
460129.0,0.17281929145579042,,,
695.0,0.0244120273891039,,,
2044888.0,0.04301875558201846,,,
256808.0,0.0867817802917535,,,
105230.0,0.11178922298303066,,,
342339.0,0.1592735933313486,,,
1804233.0,0.010866329264662102,,,
536473.0,0.011015183090205419,,,
578610.0,0.016076213158678177,,,
1774387.0,0.011908306043465317,,,
1785440.0,0.009526644834772254,,,
1545824.0,0.00044656147662994937,,,
1563719.0,0.20809764810955642,,,
737244.0,0.23980351295028282,0.45623836126629425,1611.0,735.0
1672430.0,0.4648704971717773,0.29971181556195964,3123.0,936.0
636853.0,0.09288478713902948,,,
1805148.0,0.010568621613575468,,,
474746.0,0.0020839535576064306,,,
156921.0,0.5602857993450432,0.34989373007438895,3764.0,1317.0
1771035.0,0.009080083358142305,,,
184652.0,0.06326287585590949,,,
1806142.0,0.008633521881512354,,,
266980.0,0.5192021434950879,0.32855504587155965,3488.0,1146.0
1781410.0,0.011759452217922,,,
666120.0,0.007442691277165823,,,
414123.0,0.11164036915748735,,,
1790117.0,0.009973206311402203,,,
67484.0,0.9846680559690384,0.31065759637188206,6615.0,2055.0
103.0,0.9998511461744567,0.31278844722346283,6717.0,2101.0
1523377.0,0.0055075915451027095,,,
772087.0,0.10151830902054183,,,
147238.0,0.4084548972908604,0.29956268221574345,2744.0,822.0
1772718.0,0.01012206013694552,,,
254743.0,0.14334623399821375,,,
21756.0,0.05596903840428699,,,
674306.0,0.11640369157487347,,,
1512833.0,0.10345340875260495,,,
112980.0,0.004019053289669544,,,
568318.0,0.41202738910389997,0.3175578034682081,2768.0,879.0
1536107.0,0.051801131289074126,,,
1608066.0,0.0005954153021732659,,,
355332.0,0.282226853230128,0.3270042194092827,1896.0,620.0
741913.0,0.16775826138731764,,,
1781759.0,0.00922893718368562,,,
430173.0,0.20735337898183984,,,
1512545.0,0.00848466805596904,,,
2003134.0,0.16582316165525454,,,
138149.0,0.09511759452217922,,,
42844.0,0.2567728490622209,0.49391304347826087,1725.0,852.0
2022235.0,0.3111044953855314,0.3043062200956938,2090.0,636.0
1801124.0,0.012354867520095266,,,
1787109.0,0.009973206311402203,,,
1811876.0,0.012950282822268532,,,
1859462.0,0.03959511759452218,,,
284159.0,0.014885382554331646,,,
851368.0,0.020988389401607622,,,
605036.0,0.9997022923489134,0.3126861226920786,6716.0,2100.0
287377.0,0.0023816612086930635,,,
3370.0,0.14691872581125334,,,
89256.0,0.0008931229532598987,,,
136502.0,0.10330455492706163,,,
91097.0,0.19484965763620124,,,
359221.0,0.08172075022328074,,,
1774007.0,0.009080083358142305,,,
1792677.0,0.010270913962488836,,,
299906.0,0.09184281036022626,,,
149658.0,0.09571300982435249,,,
1588780.0,0.030068472759749925,,,
61938.0,0.0005954153021732659,,,
182510.0,0.022179220005954153,,,
350593.0,0.11833879130693659,,,
191769.0,0.002232807383149747,,,
666015.0,0.09973206311402202,,,
1494615.0,0.02366775826138732,,,
1385.0,0.22819291455790414,,,
656543.0,0.14275081869604048,,,
445351.0,0.11327776123846382,,,
1786008.0,0.010270913962488836,,,
411578.0,0.17490324501339685,,,
1793652.0,0.010717475439118785,,,
1554168.0,0.020392974099434354,,,
195100.0,0.9953855314081572,0.31194855690145057,6687.0,2086.0
1788919.0,0.009080083358142305,,,
1523783.0,0.030812741887466508,,,
1775317.0,0.009080083358142305,,,
845553.0,0.08425126525751712,,,
1498142.0,0.023518904435844,,,
4380.0,0.7393569514736529,0.3144755385544594,4967.0,1562.0
557088.0,0.20125037213456387,,,
624588.0,0.0379577255135457,,,
406306.0,0.9629353974397142,0.3111763796568249,6469.0,2013.0
1644966.0,0.012354867520095266,,,
10409.0,0.23891038999702294,0.3252336448598131,1605.0,522.0
92511.0,0.8858291158082763,0.3125525121828264,5951.0,1860.0
781973.0,0.740845489729086,0.3050030138637734,4977.0,1518.0
590796.0,0.18770467401012206,,,
811185.0,0.9729086037511164,0.3124235006119951,6536.0,2042.0
2008461.0,0.46591247395058055,0.3003194888178914,3130.0,940.0
1513927.0,0.0007442691277165823,,,
251908.0,0.1003274784161953,,,
508635.0,0.5010419767788032,0.3024361259655377,3366.0,1018.0
1754541.0,0.46725215838047035,0.30487416374641607,3139.0,957.0
1807236.0,0.01220601369455195,,,
737053.0,0.16775826138731764,,,
607197.0,0.208841917237273,,,
487655.0,0.46308425126525754,0.3095467695274831,3111.0,963.0
1675171.0,0.008633521881512354,,,
433762.0,0.12012503721345638,,,
1595118.0,0.023816612086930634,,,
1586996.0,0.009377791009228937,,,
78134.0,0.9742482881810063,0.31046600458365164,6545.0,2032.0
1795560.0,0.010419767788032152,,,
666113.0,0.01428996725215838,,,
175953.0,0.3440011908306043,0.4279532669839896,2311.0,989.0
1629393.0,0.1446859184281036,,,
849128.0,0.22551354569812443,,,
99839.0,0.10866329264662102,,,
164512.0,0.6105983923786842,0.2901023890784983,4102.0,1190.0
1653271.0,0.011610598392378685,,,
345210.0,0.5562667460553736,0.4011238961734011,3737.0,1499.0
520007.0,0.0461446859184281,,,
837876.0,0.10657933908901458,,,
11799.0,0.012950282822268532,,,
1754276.0,0.012057159869008634,,,
1998963.0,0.013545698124441799,,,
38475.0,0.14334623399821375,,,
1640670.0,0.010419767788032152,,,
139177.0,0.14409050312593033,,,
1582120.0,0.012354867520095266,,,
132509.0,0.9602560285799345,0.31297473259959696,6451.0,2019.0
32178.0,0.12399523667758261,,,
58559.0,0.10925870794879429,,,
526150.0,0.005954153021732658,,,
32994.0,0.09303364096457278,,,
777928.0,0.7762727002083953,0.3056567593480345,5215.0,1594.0
165547.0,0.037660017862459066,,,
1790190.0,0.011015183090205419,,,
1748994.0,0.00967549866031557,,,
295922.0,0.02604941947008038,,,
1806073.0,0.00922893718368562,,,
847240.0,0.05284310806787734,,,
142212.0,0.4331646323310509,0.3209621993127148,2910.0,934.0
1750983.0,0.010568621613575468,,,
84111.0,0.9123250967549866,0.3111437428618045,6129.0,1907.0
1800201.0,0.01012206013694552,,,
112174.0,0.1356058350699613,,,
151800.0,0.19857100327478416,,,
370378.0,0.11818993748139327,,,
725441.0,0.16626972313188448,,,
615532.0,0.1303959511759452,,,
74727.0,0.9714200654956833,0.3118296046582899,6526.0,2035.0
1517683.0,0.00044656147662994937,,,
143940.0,0.016671628460851445,,,
753178.0,0.05135456981244418,,,
7782.0,0.05939267639178327,,,
1555981.0,0.296814528133373,0.28635907723169507,1994.0,571.0
1813553.0,0.008335814230425722,,,
745464.0,0.0028282226853230128,,,
302806.0,0.20303661804108367,,,
509608.0,0.030217326585293244,,,
1554.0,0.16225066984221495,,,
230535.0,0.9604048824054778,0.31029138251704896,6452.0,2002.0
652085.0,0.0037213456385829114,,,
421601.0,0.08380470378088717,,,
454454.0,0.10226257814825841,,,
369428.0,0.03870199464126228,,,
318162.0,0.14319738017267045,,,
423393.0,0.04688895504614469,,,
1758858.0,0.010419767788032152,,,
1651121.0,0.007889252753795772,,,
650976.0,0.11015183090205419,,,
1774073.0,0.008633521881512354,,,
1548362.0,0.004465614766299494,,,
1788166.0,0.008782375707055671,,,
833287.0,0.04584697826734147,,,
29646.0,0.29413515927359335,0.4149797570850202,1976.0,820.0
296195.0,0.9828818100625186,0.30985915492957744,6603.0,2046.0
50685.0,0.07695742780589461,,,
1643601.0,0.012057159869008634,,,
1618526.0,0.010270913962488836,,,
527202.0,0.15138434057755285,,,
1765863.0,0.010866329264662102,,,
649472.0,0.0497171777314677,,,
450900.0,0.48303066388806193,0.3087827426810478,3245.0,1002.0
20.0,0.9822863947603453,0.31307773905137143,6599.0,2066.0
1794870.0,0.00714498362607919,,,
827750.0,0.22744864543018756,,,
1792379.0,0.013099136647811848,,,
252575.0,0.9980649002679369,0.3126025354213274,6705.0,2096.0
696037.0,0.05090800833581423,,,
1537106.0,0.015480797856504911,,,
1801119.0,0.011908306043465317,,,
279680.0,0.2168800238166121,,,
10196.0,0.8273295623697529,0.3276358402302987,5558.0,1821.0
1489667.0,0.0008931229532598987,,,
88152.0,0.09898779398630544,,,
143746.0,0.6839833283715392,0.3471164309031556,4595.0,1595.0
377112.0,0.2188151235486752,,,
3271.0,0.9988091693956535,0.31251862891207155,6710.0,2097.0
1790713.0,0.011461744566835368,,,
41990.0,0.9924084548972909,0.3134843257837108,6667.0,2090.0
1532026.0,0.2639178326883001,0.3344613649182177,1773.0,593.0
1630552.0,0.010419767788032152,,,
270281.0,0.05626674605537362,,,
39965.0,0.4489431378386424,0.28116710875331563,3016.0,848.0
309720.0,0.06043465317058649,,,
1644164.0,0.017118189937481394,,,
218798.0,0.4106877046740101,0.31388184124682855,2759.0,866.0
1541414.0,0.019053289669544508,,,
1578084.0,0.0020839535576064306,,,
715837.0,0.19291455790413814,,,
697388.0,0.19663590354272104,,,
242764.0,0.9952366775826139,0.3118456476218965,6686.0,2085.0
682759.0,0.055373623102113724,,,
318186.0,0.1120869306341173,,,
210123.0,0.15123548675200954,,,
802404.0,0.14155998809169396,,,
176312.0,0.00967549866031557,,,
841082.0,0.22357844596606133,,,
483796.0,0.947305745757666,0.30986800754242616,6364.0,1972.0
1504925.0,0.02857993450431676,,,
25910.0,0.25736826436439414,0.40543666859456334,1729.0,701.0
12926.0,0.650044656147663,0.30982367758186397,4367.0,1353.0
159906.0,0.03870199464126228,,,
641515.0,0.067728490622209,,,
252563.0,0.011908306043465317,,,
11188.0,0.8407264066686514,0.3718130311614731,5648.0,2100.0
547610.0,0.5729383745162251,0.31644583008573657,3849.0,1218.0
1530904.0,0.0561178922298303,,,
1802752.0,0.00922893718368562,,,
1605613.0,0.009824352485858886,,,
1790878.0,0.011759452217922,,,
1817512.0,0.009824352485858886,,,
502550.0,0.0461446859184281,,,
475413.0,0.008931229532598988,,,
11.0,0.9998511461744567,0.31278844722346283,6717.0,2101.0
625568.0,0.0011908306043465317,,,
1573838.0,0.19365882703185472,,,
777492.0,0.2837153914855612,0.3284365162644281,1906.0,626.0
589852.0,0.024560881214647216,,,
457784.0,0.02470973504019053,,,
381279.0,0.9385233700506103,0.3103885804916733,6305.0,1957.0
1951628.0,0.5297707651086633,0.31947176173082326,3559.0,1137.0
1789496.0,0.010419767788032152,,,
5101.0,0.2892229830306639,0.4235717961914565,1943.0,823.0
1890333.0,0.25885680261982735,0.29384703852788957,1739.0,511.0
1806900.0,0.011312890741292051,,,
1842991.0,0.7715093777910093,0.30908740111904304,5183.0,1602.0
585393.0,0.19991068770467402,,,
837101.0,0.21762429294432867,,,
619076.0,0.5232211967847573,0.31806543385490754,3515.0,1118.0
1781893.0,0.011759452217922,,,
44922.0,0.9998511461744567,0.31278844722346283,6717.0,2101.0
1777188.0,0.011610598392378685,,,
811972.0,0.12593033640964574,,,
555861.0,0.018309020541827925,,,
254996.0,0.15957130098243524,,,
608968.0,0.0005954153021732659,,,
1783666.0,0.011759452217922,,,
454046.0,0.29413515927359335,0.4812753036437247,1976.0,951.0
1680797.0,0.011610598392378685,,,
1559006.0,0.0005954153021732659,,,
174611.0,0.12444179815421257,,,
512788.0,0.9679964275081869,0.3137013685991081,6503.0,2040.0
795876.0,0.02828222685323013,,,
488414.0,0.39356951473652874,0.3959909228441755,2644.0,1047.0
453366.0,0.11446859184281036,,,
121596.0,0.9997022923489134,0.3126861226920786,6716.0,2100.0
1818972.0,0.011759452217922,,,
790785.0,0.025007442691277165,,,
1806990.0,0.00922893718368562,,,
268100.0,0.9959809467103304,0.3123598864145868,6691.0,2090.0
336915.0,0.10866329264662102,,,
550700.0,0.11015183090205419,,,
792282.0,0.047782077999404586,,,
1367.0,0.9998511461744567,0.31278844722346283,6717.0,2101.0
1674307.0,0.011461744566835368,,,
40367.0,0.026198273295623697,,,
828022.0,0.04346531705864841,,,
351082.0,0.12890741292051205,,,
745827.0,0.9974694849657636,0.3129383674078496,6701.0,2097.0
405441.0,0.8736231021137243,0.3112966433804737,5869.0,1827.0
488877.0,0.4230425721941054,0.3135116115411682,2842.0,891.0
1616299.0,0.0013396844298898482,,,
1495966.0,0.17222387615361714,,,
1582851.0,0.26272700208395355,0.3002832861189802,1765.0,530.0
210628.0,0.11804108365584995,,,
1527342.0,0.0244120273891039,,,
556848.0,0.1781780291753498,,,
100610.0,0.9964275081869604,0.3126680609501046,6694.0,2093.0
1630055.0,0.010270913962488836,,,
229163.0,0.002232807383149747,,,
1803635.0,0.011312890741292051,,,
76409.0,0.010568621613575468,,,
273306.0,0.055373623102113724,,,
322201.0,0.9889848169097946,0.3118603251053582,6644.0,2072.0
211973.0,0.6162548377493302,0.26231884057971017,4140.0,1086.0
195801.0,0.09467103304554927,,,
1757503.0,0.05358737719559393,,,
134530.0,0.05090800833581423,,,
97001.0,0.04212563262875856,,,
599828.0,0.027984519202143496,,,
1541134.0,0.007740398928252456,,,
70932.0,0.09214051801131289,,,
1586204.0,0.002977076510866329,,,
617379.0,0.7636201250372134,0.30097465886939573,5130.0,1544.0
1799598.0,0.009080083358142305,,,
10125.0,0.991515331944031,0.3118150427863684,6661.0,2077.0
1805186.0,0.012354867520095266,,,
821084.0,0.21658231616552545,,,
470862.0,0.8981839833283716,0.30974477958236657,6034.0,1869.0
6794.0,0.9072640666865138,0.3066447908121411,6095.0,1869.0
612150.0,0.9605537362310211,0.3105532310553231,6453.0,2004.0
1509122.0,0.052396546591247393,,,
63945.0,0.7371241440905031,0.32007269789983844,4952.0,1585.0
524623.0,0.00029770765108663293,,,
97079.0,0.7101816016671628,0.378117795011528,4771.0,1804.0
316980.0,0.028877642155403394,,,
10256.0,0.9998511461744567,0.31278844722346283,6717.0,2101.0
1670492.0,0.3122953259898779,0.30219256434699715,2098.0,634.0
1626484.0,0.5488240547782078,0.29075128831027935,3687.0,1072.0
1604386.0,0.04316760940756177,,,
1569842.0,0.021732658529324204,,,
190755.0,0.09571300982435249,,,
303317.0,0.06028579934504317,,,
1955311.0,0.08573980351295028,,,
497796.0,0.18413218219708247,,,
34834.0,0.07219410538850848,,,
426488.0,0.13888061923191425,,,
656467.0,0.09481988687109259,,,
1560084.0,0.0005954153021732659,,,
530234.0,0.026644834772253646,,,
76020.0,0.05016373920809765,,,
807503.0,0.09973206311402202,,,
1540670.0,0.011461744566835368,,,
482423.0,0.5077403989282524,0.2931691586045148,3411.0,1000.0
1780861.0,0.00848466805596904,,,
1837076.0,0.010866329264662102,,,
756220.0,0.9697826734147068,0.3120491174213354,6515.0,2033.0
1776703.0,0.010866329264662102,,,
1509561.0,0.0055075915451027095,,,
1777285.0,0.008931229532598988,,,
570506.0,0.2506698422149449,0.47802850356294535,1684.0,805.0
1796470.0,0.012057159869008634,,,
1757969.0,0.011312890741292051,,,
388174.0,0.13247990473355165,,,
680307.0,0.01473652872878833,,,
1656905.0,0.011312890741292051,,,
1508962.0,0.5133968442988985,0.2783415482748623,3449.0,960.0
704060.0,0.03989282524560881,,,
342342.0,0.0939267639178327,,,
271079.0,0.35739803512950286,0.40441482715535193,2401.0,971.0
142278.0,0.12860970526942542,,,
612051.0,0.8889550461446859,0.30961152042866713,5972.0,1849.0
1777860.0,0.010419767788032152,,,
676318.0,0.135456981244418,,,
577065.0,0.04733551652277464,,,
423896.0,0.13813635010419767,,,
228606.0,0.0014885382554331646,,,
813814.0,0.4502828222685323,0.36132231404958676,3025.0,1093.0
667444.0,0.12652575171181898,,,
1803510.0,0.013247990473355165,,,
10197.0,0.9998511461744567,0.31278844722346283,6717.0,2101.0
23518.0,0.0010419767788032153,,,
1781293.0,0.009080083358142305,,,
1783861.0,0.01012206013694552,,,
1381.0,0.994343554629354,0.31167664670658685,6680.0,2082.0
494176.0,0.0922893718368562,,,
1801118.0,0.009824352485858886,,,
1865632.0,0.45698124441798155,0.2990228013029316,3070.0,918.0
222414.0,0.051652277463530814,,,
322161.0,0.0037213456385829114,,,
170329.0,0.27880321524263174,0.34703683929524826,1873.0,650.0
1520617.0,0.01220601369455195,,,
1772738.0,0.010866329264662102,,,
1610834.0,0.009080083358142305,,,
178.0,0.13143792795474843,,,
1771665.0,0.009973206311402203,,,
273586.0,0.15242631735635606,,,
1753175.0,0.008782375707055671,,,
1566851.0,0.00461446859184281,,,
650373.0,0.41574873474248286,0.3283208020050125,2793.0,917.0
286145.0,0.001935099732063114,,,
426653.0,0.001935099732063114,,,
38533.0,0.08737719559392676,,,
556273.0,0.10330455492706163,,,
1793924.0,0.00922893718368562,,,
591764.0,0.0007442691277165823,,,
335003.0,0.025900565644537063,,,
32444.0,0.3752604941947008,0.27409758032526776,2521.0,691.0
96345.0,0.1364989580232212,,,
11587.0,0.08782375707055672,,,
723827.0,0.1927657040785948,,,
820693.0,0.06043465317058649,,,
1706184.0,0.009526644834772254,,,
1811353.0,0.010270913962488836,,,
377013.0,0.13426615064007144,,,
528176.0,0.12235784459660613,,,
486691.0,0.34474545995832095,0.30483592400690845,2316.0,706.0
173223.0,0.07293837451622506,,,
498991.0,0.12994938969931527,,,
1800418.0,0.009973206311402203,,,
482558.0,0.523072342959214,0.33807626636311894,3514.0,1188.0
1845.0,0.49538553140815716,0.46544471153846156,3328.0,1549.0
754486.0,0.07457576659720155,,,
1805076.0,0.012503721345638583,,,
1604427.0,0.08693063411729682,,,
389884.0,0.09124739505805299,,,
1508996.0,0.04257219410538851,,,
1790061.0,0.010419767788032152,,,
1606746.0,0.27195593926763917,0.30815544608648054,1827.0,563.0
1639733.0,0.012801428996725216,,,
840480.0,0.06787734444775231,,,
630466.0,0.2549866031557011,0.35843549328663166,1713.0,614.0
135165.0,0.10151830902054183,,,
307400.0,0.5942244715689193,0.3504509018036072,3992.0,1399.0
834812.0,0.00461446859184281,,,
395962.0,0.13143792795474843,,,
112978.0,0.009526644834772254,,,
1647111.0,0.03423637987496279,,,
194871.0,0.4556415599880917,0.3792878144397256,3061.0,1161.0
1806425.0,0.00848466805596904,,,
363446.0,0.9839237868413219,0.31225416036308623,6610.0,2064.0
1548925.0,0.0013396844298898482,,,
1550502.0,0.00044656147662994937,,,
224502.0,0.11357546888955046,,,
1770039.0,0.012354867520095266,,,
1732869.0,0.010270913962488836,,,
767038.0,0.10717475439118786,,,
134267.0,0.04242334027984519,,,
1756668.0,0.009526644834772254,,,
479584.0,0.9836260791902351,0.31219733656174337,6608.0,2063.0
174909.0,0.9420958618636499,0.3066835203033655,6329.0,1941.0
294201.0,0.1364989580232212,,,
163701.0,0.13069365882703185,,,
32493.0,0.17683834474545995,,,
757760.0,0.013843405775528431,,,
627210.0,0.07100327478416195,,,
1654964.0,0.006698422149449241,,,
378176.0,0.31988687109258707,0.395067473243369,2149.0,849.0
1625739.0,0.00029770765108663293,,,
1771837.0,0.008633521881512354,,,
1749753.0,0.011164036915748734,,,
748237.0,0.12220899077106281,,,
1370.0,0.9998511461744567,0.31278844722346283,6717.0,2101.0
324845.0,0.09913664781184876,,,
1810540.0,0.010419767788032152,,,
1496013.0,0.004465614766299494,,,
109544.0,0.9998511461744567,0.31278844722346283,6717.0,2101.0
347498.0,0.03914855611789223,,,
466805.0,0.17609407561774337,,,
1806139.0,0.009377791009228937,,,
18683.0,0.9986603155701101,0.31256521091071693,6709.0,2097.0
10703.0,0.30991366478118487,0.3270893371757925,2082.0,681.0
1593709.0,0.009824352485858886,,,
564287.0,0.8995236677582614,0.30266423961608474,6043.0,1829.0
511124.0,0.8745162250669842,0.3068936170212766,5875.0,1803.0
39997.0,0.12518606728192916,,,
383810.0,0.14513247990473355,,,
1812226.0,0.009973206311402203,,,
43611.0,0.9139624888359631,0.3112377850162866,6140.0,1911.0
1730925.0,0.009973206311402203,,,
1739300.0,0.010419767788032152,,,
75195.0,0.9502828222685323,0.3125,6384.0,1995.0
1589081.0,0.012057159869008634,,,
1807123.0,0.010866329264662102,,,
1602557.0,0.026793688597796964,,,
212646.0,0.12280440607323609,,,
1623903.0,0.00922893718368562,,,
1786924.0,0.009526644834772254,,,
272278.0,0.5092289371836857,0.3320666471791874,3421.0,1136.0
678031.0,0.10732360821673118,,,
105987.0,0.038255433164632334,,,
747868.0,0.641113426615064,0.3036916647318319,4307.0,1308.0
1604957.0,0.8934206609109854,0.30706431189603467,6002.0,1843.0
1709568.0,0.009080083358142305,,,
1806633.0,0.010419767788032152,,,
427500.0,0.614319738017267,0.2924642597528471,4127.0,1207.0
1783093.0,0.008782375707055671,,,
1776695.0,0.010866329264662102,,,
608891.0,0.03230128014289967,,,
467834.0,0.011312890741292051,,,
85341.0,0.19231914260196487,,,
280995.0,0.13262875855909498,,,
11254.0,0.9925573087228342,0.3123875224955009,6668.0,2083.0
720439.0,0.21181899374813934,,,
1963127.0,0.5489729086037511,0.3129067245119306,3688.0,1154.0
851199.0,0.0007442691277165823,,,
724301.0,0.003274784161952962,,,
519492.0,0.10925870794879429,,,
1750445.0,0.0013396844298898482,,,
773216.0,0.04912176242929443,,,
39630.0,0.0010419767788032153,,,
1602087.0,0.00029770765108663293,,,
485160.0,0.15763620125037214,,,
1591154.0,0.010419767788032152,,,
714127.0,0.19321226555522478,,,
664103.0,0.23027686811551057,0.44085326438267614,1547.0,682.0
1777820.0,0.010866329264662102,,,
1563916.0,0.17936885977969633,,,
1780773.0,0.01012206013694552,,,
1789774.0,0.011164036915748734,,,
1804707.0,0.011610598392378685,,,
274101.0,0.0741292051205716,,,
635778.0,0.14870497171777314,,,
394150.0,0.025751711818993748,,,
732496.0,0.12727002083953556,,,
259860.0,0.9998511461744567,0.31278844722346283,6717.0,2101.0
611765.0,0.020988389401607622,,,
632437.0,0.5845489729086037,0.3170359052711994,3927.0,1245.0
566752.0,0.2387615361714796,0.41895261845386533,1604.0,672.0
740343.0,0.0849955343852337,,,
1780525.0,0.011164036915748734,,,
1797502.0,0.008782375707055671,,,
1801944.0,0.008931229532598988,,,
300547.0,0.994343554629354,0.312125748502994,6680.0,2085.0
514728.0,0.24903245013396844,0.356246264196055,1673.0,596.0
449467.0,0.1655254540041679,,,
1772016.0,0.008633521881512354,,,
97179.0,0.8754093480202442,0.30828090460805985,5881.0,1813.0
553079.0,0.003274784161952962,,,
497120.0,0.114766299493897,,,
1805322.0,0.009526644834772254,,,
1037.0,0.007889252753795772,,,
1786055.0,0.010419767788032152,,,
368641.0,0.9840726406668652,0.31054303433671154,6611.0,2053.0
537784.0,0.05641559988091694,,,
1793782.0,0.00922893718368562,,,
385558.0,0.21494492408454896,,,
1804743.0,0.010568621613575468,,,
1812006.0,0.009526644834772254,,,
747475.0,0.007740398928252456,,,
362327.0,0.15808276272700209,,,
1808388.0,0.00922893718368562,,,
565363.0,0.19202143495087823,,,
1718500.0,0.009824352485858886,,,
1794896.0,0.011610598392378685,,,
625121.0,0.1762429294432867,,,
685925.0,0.10791902351890444,,,
10729.0,0.9994045846978268,0.31248138218647603,6714.0,2098.0
66356.0,0.04286990175647514,,,
527630.0,0.590800833581423,0.3391282438901487,3969.0,1346.0
123675.0,0.16865138434057755,,,
617662.0,0.9977671926168502,0.3128449947784574,6703.0,2097.0
1489910.0,0.007740398928252456,,,
442236.0,0.29874962786543613,0.2884902840059791,2007.0,579.0
710570.0,0.743673712414409,0.29043234587670136,4996.0,1451.0
216556.0,0.01801131289074129,,,
1799087.0,0.011461744566835368,,,
328914.0,0.44403096159571304,0.3027153871940999,2983.0,903.0
196131.0,0.6743078297112236,0.2997792494481236,4530.0,1358.0
703472.0,0.14036915748734743,,,
616143.0,0.21196784757368264,,,
1592521.0,0.010270913962488836,,,
728704.0,0.1673116999106877,,,
1528034.0,0.001637392080976481,,,
101.0,0.20333432569217028,,,
828566.0,0.0561178922298303,,,
791820.0,0.0010419767788032153,,,
76595.0,0.048079785650491216,,,
10396.0,0.9995534385233701,0.3128816083395383,6715.0,2101.0
663507.0,0.311848764513248,0.38090692124105013,2095.0,798.0
1772078.0,0.008633521881512354,,,
625257.0,0.01935099732063114,,,
1732661.0,0.011015183090205419,,,
1696606.0,0.009526644834772254,,,
1553020.0,0.0005954153021732659,,,
783360.0,0.1437927954748437,,,
1825722.0,0.6317356356058351,0.31291234684260133,4244.0,1328.0
695822.0,0.06043465317058649,,,
722293.0,0.07651086632926467,,,
651026.0,0.0949687406966359,,,
1551785.0,0.0008931229532598987,,,
838232.0,0.045102709139624886,,,
652805.0,0.0008931229532598987,,,
677144.0,0.899821375409348,0.3154673283705542,6045.0,1907.0
381622.0,0.08931229532598987,,,
691312.0,0.06832390592438226,,,
753601.0,0.18562072045251563,,,
1567704.0,0.014438821077701697,,,
1587366.0,0.011759452217922,,,
1603777.0,0.0008931229532598987,,,
1793818.0,0.009377791009228937,,,
118055.0,0.0017862459065197975,,,
1795224.0,0.010568621613575468,,,
302026.0,0.10836558499553439,,,
319675.0,0.7856504912176243,0.3279651383099659,5278.0,1731.0
237694.0,0.07398035129502828,,,
513511.0,0.11625483774933015,,,
1775679.0,0.011015183090205419,,,
189220.0,0.08172075022328074,,,
1524388.0,0.20392974099434355,,,
1769113.0,0.011312890741292051,,,
1757983.0,0.013099136647811848,,,
356244.0,0.22625781482584104,,,
237979.0,0.059094968740696634,,,
1624160.0,0.5858886573384936,0.31072154471544716,3936.0,1223.0
477964.0,0.0007442691277165823,,,
1785616.0,0.008038106579339089,,,
68512.0,0.06668651384340578,,,
338309.0,0.9480500148853825,0.32579682838750196,6369.0,2075.0
810210.0,0.8837451622506698,0.3038571669193195,5937.0,1804.0
697168.0,0.0976481095564156,,,
1794371.0,0.00848466805596904,,,
107691.0,0.11238463828520392,,,
1797896.0,0.010270913962488836,,,
327749.0,0.31036022625781484,0.31366906474820144,2085.0,654.0
1726723.0,0.009377791009228937,,,
1502881.0,0.004167907115212861,,,
1800011.0,0.009973206311402203,,,
849787.0,0.003572491813039595,,,
429754.0,0.051503423637987496,,,
1726261.0,0.010717475439118785,,,
170487.0,0.9873474248288181,0.3113221769938188,6633.0,2065.0
818808.0,0.3383447454599583,0.4276286845578531,2273.0,972.0
1610593.0,0.8070854420958619,0.3067133898930284,5422.0,1663.0
606017.0,0.3663292646621018,0.38967899227956115,2461.0,959.0
411372.0,0.0596903840428699,,,
1772684.0,0.010270913962488836,,,
151737.0,0.8882107770169694,0.30635160046924753,5967.0,1828.0
657258.0,0.11908306043465317,,,
191587.0,0.9964275081869604,0.3125186734389005,6694.0,2092.0
1570540.0,0.01220601369455195,,,
321100.0,0.9513247990473355,0.3087153810045376,6391.0,1973.0
594703.0,0.05641559988091694,,,
1609878.0,0.0011908306043465317,,,
211784.0,0.017713605239654658,,,
275602.0,0.11908306043465317,,,
1710697.0,0.00922893718368562,,,
1631778.0,0.008038106579339089,,,
1808419.0,0.008931229532598988,,,
808002.0,0.03378981839833284,,,
787562.0,0.39997022923489134,0.3007071082992185,2687.0,808.0
1604303.0,0.004019053289669544,,,
120528.0,0.2521583804703781,0.2886658795749705,1694.0,489.0
1780960.0,0.01012206013694552,,,
508170.0,0.1545102709139625,,,
225587.0,0.032152426317356354,,,
1993833.0,0.4982137540934802,0.30743949805796233,3347.0,1029.0
565727.0,0.9918130395951176,0.31367251988593725,6663.0,2090.0
484622.0,0.0931824947901161,,,
14471.0,0.0596903840428699,,,
1676343.0,0.011015183090205419,,,
1704446.0,0.011164036915748734,,,
485327.0,0.0949687406966359,,,
1580.0,0.9998511461744567,0.31278844722346283,6717.0,2101.0
117343.0,0.1890443584400119,,,
217937.0,0.13724322715093779,,,
1629734.0,0.22670437630247098,,,
770926.0,0.3977374218517416,0.25748502994011974,2672.0,688.0
1489157.0,0.01935099732063114,,,
10809.0,0.08380470378088717,,,
18264.0,0.10866329264662102,,,
1196.0,0.7142006549568324,0.3124218424343476,4798.0,1499.0
171452.0,0.9988091693956535,0.312220566318927,6710.0,2095.0
547843.0,0.2670437630247097,0.3634336677814939,1794.0,652.0
1769475.0,0.013992259601071748,,,
783215.0,0.9084548972908604,0.3108307389808291,6103.0,1897.0
766771.0,0.13486156594224472,,,
1703379.0,0.011164036915748734,,,
18579.0,0.12429294432866925,,,
1798881.0,0.009377791009228937,,,
1949634.0,0.030812741887466508,,,
1793991.0,0.01012206013694552,,,
716292.0,0.1555522476927657,,,
1656.0,0.9203632033343256,0.31521914928028466,6183.0,1949.0
175742.0,0.8907412920512057,0.3099933155080214,5984.0,1855.0
125740.0,0.9449240845489729,0.31427221172022685,6348.0,1995.0
548514.0,0.004465614766299494,,,
1665349.0,0.010568621613575468,,,
1584685.0,0.0005954153021732659,,,
7516.0,0.17341470675796367,,,
15159.0,0.015034236379874963,,,
1544651.0,0.546591247395058,0.3142701525054466,3672.0,1154.0
1784961.0,0.010866329264662102,,,
542865.0,0.28148258410241145,0.4029613960867266,1891.0,762.0
395063.0,0.2054182792497767,,,
182151.0,0.9391187853527836,0.30844824853384056,6309.0,1946.0
1580751.0,0.010419767788032152,,,
189981.0,0.953408752604942,0.30960187353629975,6405.0,1983.0
1553.0,0.9998511461744567,0.31278844722346283,6717.0,2101.0
1729328.0,0.010568621613575468,,,
149504.0,0.9495385531408157,0.3081987772378116,6379.0,1966.0
1561250.0,0.0008931229532598987,,,
98094.0,0.13902947305745758,,,
1629858.0,0.0008931229532598987,,,
731771.0,0.013694551949985114,,,
10158.0,0.7018457874367371,0.3696712619300106,4715.0,1743.0
805587.0,0.10955641559988091,,,
1550585.0,0.0007442691277165823,,,
1510226.0,0.002977076510866329,,,
1788888.0,0.011610598392378685,,,
176934.0,0.06281631437927955,,,
1790508.0,0.030961595713009823,,,
1770254.0,0.011610598392378685,,,
1843143.0,0.12072045251562966,,,
479898.0,0.09601071747543911,,,
11204.0,0.17162846085144387,,,
50506.0,0.2895206906817505,0.53573264781491,1945.0,1042.0
367548.0,0.10523965465912474,,,
1707263.0,0.0126525751711819,,,
519904.0,0.1545102709139625,,,
802368.0,0.05805299196189342,,,
